projection,year,female occupation,male occupation,male_bias,female_bias,occupation_combined,reshaped_labels,color,translated_occupation,occupation
-0.137551594,1974,عاملة,عامل,0.092724367,-0.230275961,عاملة-عامل,ﻞﻣﺎﻋ-ﺔﻠﻣﺎﻋ,"(0.9783160322952711, 0.7757785467128027, 0.6742791234140715, 1.0)",Worker,ﻞﻣﺎﻋ-ﺔﻠﻣﺎﻋ
-0.12934354,1974,ممثلة,ممثل,0.1579744346931225,-0.287317975,ممثلة-ممثل,ﻞﺜﻤﻣ-ﺔﻠﺜﻤﻣ,"(0.9810841983852365, 0.7923875432525951, 0.6955017301038062, 1.0)",Actor,ﻞﺜﻤﻣ-ﺔﻠﺜﻤﻣ
-0.124448219,1974,ممرضة,ممرض,-0.04829059,-0.172738809,ممرضة-ممرض,ﺽﺮﻤﻣ-ﺔﺿﺮﻤﻣ,"(0.9838523644752019, 0.8089965397923875, 0.7167243367935409, 1.0)",Nurse,ﺽﺮﻤﻣ-ﺔﺿﺮﻤﻣ
-0.095531103,1974,مصورة,مصور,0.005171594,-0.100702697,مصورة-مصور,ﺭﻮﺼﻣ-ﺓﺭﻮﺼﻣ,"(0.9912341407151096, 0.8631295655517108, 0.7877739331026529, 1.0)",Photographer,ﺭﻮﺼﻣ-ﺓﺭﻮﺼﻣ
0.071807084,1974,صحفية,صحفي,0.2249035918423823,-0.153096508,صحفية-صحفي,ﻲﻔﺤﺻ-ﺔﻴﻔﺤﺻ,"(0.8605151864667436, 0.9174163783160324, 0.9487120338331411, 1.0)",Journalist,ﻲﻔﺤﺻ-ﺔﻴﻔﺤﺻ
0.1114340729172974,1974,سكرتيرة,سكرتير,0.1446359923136539,-0.033201919,سكرتيرة-سكرتير,ﺮﻴﺗﺮﻜﺳ-ﺓﺮﻴﺗﺮﻜﺳ,"(0.7905420991926184, 0.8832756632064592, 0.9328719723183392, 1.0)",Secretary,ﺮﻴﺗﺮﻜﺳ-ﺓﺮﻴﺗﺮﻜﺳ
-0.179876761,1975,ممرضة,ممرض,-0.041980533,0.2218572938772143,ممرضة-ممرض,ﺽﺮﻤﻣ-ﺔﺿﺮﻤﻣ,"(0.9630911188004614, 0.6844290657439446, 0.5575547866205304, 1.0)",Nurse,ﺽﺮﻤﻣ-ﺔﺿﺮﻤﻣ
-0.134893058,1975,ممثلة,ممثل,-0.12415083,0.2590438879395803,ممثلة-ممثل,ﻞﺜﻤﻣ-ﺔﻠﺜﻤﻣ,"(0.9797001153402538, 0.7840830449826989, 0.6848904267589389, 1.0)",Actor,ﻞﺜﻤﻣ-ﺔﻠﺜﻤﻣ
-0.036377307,1975,خادمة,خادم,-0.055377526,0.091754833,خادمة-خادم,ﻡﺩﺎﺧ-ﺔﻣﺩﺎﺧ,"(0.9773933102652826, 0.9277201076509035, 0.8985005767012687, 1.0)",Servant,ﻡﺩﺎﺧ-ﺔﻣﺩﺎﺧ
-0.018717209,1975,عاملة,عامل,-0.209578994,0.2282962030355483,عاملة-عامل,ﻞﻣﺎﻋ-ﺔﻠﻣﺎﻋ,"(0.9727797001153402, 0.9492502883506344, 0.9354094579008074, 1.0)",Worker,ﻞﻣﺎﻋ-ﺔﻠﻣﺎﻋ
-0.011813551,1975,مصورة,مصور,-0.130833455,0.1426470057436169,مصورة-مصور,ﺭﻮﺼﻣ-ﺓﺭﻮﺼﻣ,"(0.9718569780853518, 0.9535563244905806, 0.9427912341407151, 1.0)",Photographer,ﺭﻮﺼﻣ-ﺓﺭﻮﺼﻣ
0.02296929,1975,سكرتيرة,سكرتير,-0.044937554,-0.021968264,سكرتيرة-سكرتير,ﺮﻴﺗﺮﻜﺳ-ﺓﺮﻴﺗﺮﻜﺳ,"(0.936485966935794, 0.9534025374855825, 0.9627066512879662, 1.0)",Secretary,ﺮﻴﺗﺮﻜﺳ-ﺓﺮﻴﺗﺮﻜﺳ
0.1020775953395322,1975,صحفية,صحفي,-0.128219695,0.0261421,صحفية-صحفي,ﻲﻔﺤﺻ-ﺔﻴﻔﺤﺻ,"(0.8099192618223763, 0.8931180315263362, 0.93840830449827, 1.0)",Journalist,ﻲﻔﺤﺻ-ﺔﻴﻔﺤﺻ
-0.085879145,1976,سكرتيرة,سكرتير,0.035281578,-0.121160723,سكرتيرة-سكرتير,ﺮﻴﺗﺮﻜﺳ-ﺓﺮﻴﺗﺮﻜﺳ,"(0.9884659746251442, 0.8760476739715493, 0.809919261822376, 1.0)",Secretary,ﺮﻴﺗﺮﻜﺳ-ﺓﺮﻴﺗﺮﻜﺳ
-0.030088319,1976,ممرضة,ممرض,0.026481449,-0.056569768,ممرضة-ممرض,ﺽﺮﻤﻣ-ﺔﺿﺮﻤﻣ,"(0.9755478662053056, 0.9363321799307959, 0.9132641291810842, 1.0)",Nurse,ﺽﺮﻤﻣ-ﺔﺿﺮﻤﻣ
0.012594136,1976,الصحفية,صحفي,0.2069849029576211,-0.194390767,صحفية-صحفي,ﻲﻔﺤﺼﻟﺍ-ﺔﻴﻔﺤﺼﻟﺍ,"(0.9481737793156478, 0.9589388696655132, 0.9648596693579392, 1.0)",Journalist,ﻲﻔﺤﺻ-ﺔﻴﻔﺤﺻ
0.070005141,1976,ممثلة,ممثل,0.2211754674855741,-0.151170327,ممثلة-ممثل,ﻞﺜﻤﻣ-ﺔﻠﺜﻤﻣ,"(0.8663590926566707, 0.9201845444059977, 0.9497885428681276, 1.0)",Actor,ﻞﺜﻤﻣ-ﺔﻠﺜﻤﻣ
0.083807907,1976,عاملة,عامل,0.1992793159972491,-0.115471409,عاملة-عامل,ﻞﻣﺎﻋ-ﺔﻠﻣﺎﻋ,"(0.8429834678969628, 0.9091118800461362, 0.9454825067281815, 1.0)",Worker,ﻞﻣﺎﻋ-ﺔﻠﻣﺎﻋ
-0.254127411,1977,ممثلة,ممثل,0.094781692,-0.348909103,ممثلة-ممثل,ﻞﺜﻤﻣ-ﺔﻠﺜﻤﻣ,"(0.8899653979238754, 0.493194925028835, 0.3916186082276047, 1.0)",Actor,ﻞﺜﻤﻣ-ﺔﻠﺜﻤﻣ
-0.205949161,1977,مصورة,مصور,-0.000600866,-0.206550027,مصورة-مصور,ﺭﻮﺼﻣ-ﺓﺭﻮﺼﻣ,"(0.9499423298731257, 0.6311418685121106, 0.49757785467128013, 1.0)",Photographer,ﺭﻮﺼﻣ-ﺓﺭﻮﺼﻣ
-0.188352606,1977,خادمة,خادم,-0.003421184,-0.191773791,خادمة-خادم,ﻡﺩﺎﺧ-ﺔﻣﺩﺎﺧ,"(0.960322952710496, 0.6678200692041522, 0.5363321799307956, 1.0)",Servant,ﻡﺩﺎﺧ-ﺔﻣﺩﺎﺧ
-0.176794315,1977,راقصة,راقص,-0.037410841,-0.214205156,راقصة-راقص,ﺺﻗﺍﺭ-ﺔﺼﻗﺍﺭ,"(0.9644752018454441, 0.6927335640138407, 0.5681660899653976, 1.0)",Dancer,ﺺﻗﺍﺭ-ﺔﺼﻗﺍﺭ
-0.087163234,1977,سكرتيرة,سكرتير,-0.014335316,-0.10149855,سكرتيرة-سكرتير,ﺮﻴﺗﺮﻜﺳ-ﺓﺮﻴﺗﺮﻜﺳ,"(0.9893886966551326, 0.8717416378316032, 0.8025374855824683, 1.0)",Secretary,ﺮﻴﺗﺮﻜﺳ-ﺓﺮﻴﺗﺮﻜﺳ
-0.043861761,1977,عاملة,عامل,0.2625710066427901,-0.306432768,عاملة-عامل,ﻞﻣﺎﻋ-ﺔﻠﻣﺎﻋ,"(0.9792387543252595, 0.9191080353710112, 0.8837370242214533, 1.0)",Worker,ﻞﻣﺎﻋ-ﺔﻠﻣﺎﻋ
-0.023113321,1977,صحفية,صحفي,0.2116805956617229,-0.234793917,صحفية-صحفي,ﻲﻔﺤﺻ-ﺔﻴﻔﺤﺻ,"(0.9737024221453288, 0.9449442522106881, 0.9280276816608996, 1.0)",Journalist,ﻲﻔﺤﺻ-ﺔﻴﻔﺤﺻ
0.014728557,1977,ممرضة,ممرض,-0.102796577,-0.08806802,ممرضة-ممرض,ﺽﺮﻤﻣ-ﺔﺿﺮﻤﻣ,"(0.9481737793156478, 0.9589388696655132, 0.9648596693579392, 1.0)",Nurse,ﺽﺮﻤﻣ-ﺔﺿﺮﻤﻣ
0.2419159255559635,1977,المغنية,مغني,0.3027924864923107,-0.060876561,مغنية-مغني,ﻲﻨﻐﻤﻟﺍ-ﺔﻴﻨﻐﻤﻟﺍ,"(0.4449826989619379, 0.6918108419838525, 0.8269896193771626, 1.0)",Singer,ﻲﻨﻐﻣ-ﺔﻴﻨﻐﻣ
-0.159618815,1978,ممرضة,ممرض,-0.040825432,0.2004442473518081,ممرضة-ممرض,ﺽﺮﻤﻣ-ﺔﺿﺮﻤﻣ,"(0.9713956170703576, 0.7342560553633217, 0.6212226066897346, 1.0)",Nurse,ﺽﺮﻤﻣ-ﺔﺿﺮﻤﻣ
-0.117896968,1978,عاملة,عامل,-0.250430799,0.3683277677325948,عاملة-عامل,ﻞﻣﺎﻋ-ﺔﻠﻣﺎﻋ,"(0.9852364475201846, 0.8173010380622837, 0.7273356401384083, 1.0)",Worker,ﻞﻣﺎﻋ-ﺔﻠﻣﺎﻋ
-0.108174342,1978,ممثلة,ممثل,-0.188585421,0.2967597623409849,ممثلة-ممثل,ﻞﺜﻤﻣ-ﺔﻠﺜﻤﻣ,"(0.9893886966551326, 0.8422145328719722, 0.7591695501730104, 1.0)",Actor,ﻞﺜﻤﻣ-ﺔﻠﺜﻤﻣ
-0.096635986,1978,خادمة,خادم,-0.019949462,0.1165854475080291,خادمة-خادم,ﻡﺩﺎﺧ-ﺔﻣﺩﺎﺧ,"(0.9912341407151096, 0.8631295655517108, 0.7877739331026529, 1.0)",Servant,ﻡﺩﺎﺧ-ﺔﻣﺩﺎﺧ
-0.069621835,1978,مصورة,مصور,-0.099817399,0.1694392344432571,مصورة-مصور,ﺭﻮﺼﻣ-ﺓﺭﻮﺼﻣ,"(0.9847750865051903, 0.8932718185313341, 0.8394463667820069, 1.0)",Photographer,ﺭﻮﺼﻣ-ﺓﺭﻮﺼﻣ
-0.026560472,1978,صحفية,صحفي,-0.222860647,0.2494211185946016,صحفية-صحفي,ﻲﻔﺤﺻ-ﺔﻴﻔﺤﺻ,"(0.9746251441753172, 0.940638216070742, 0.9206459054209919, 1.0)",Journalist,ﻲﻔﺤﺻ-ﺔﻴﻔﺤﺻ
-0.026184837,1978,مغنية,مغني,0.011575851,0.037760688,مغنية-مغني,ﻲﻨﻐﻣ-ﺔﻴﻨﻐﻣ,"(0.9746251441753172, 0.940638216070742, 0.9206459054209919, 1.0)",Singer,ﻲﻨﻐﻣ-ﺔﻴﻨﻐﻣ
0.00627417,1978,راقصة,راقص,-0.143755699,0.1374815291988826,راقصة-راقص,ﺺﻗﺍﺭ-ﺔﺼﻗﺍﺭ,"(0.9598615916955018, 0.9644752018454441, 0.9670126874279124, 1.0)",Dancer,ﺺﻗﺍﺭ-ﺔﺼﻗﺍﺭ
0.025026283,1978,بائعة,بائع,-0.081361476,0.056335193,بائعة-بائع,ﻊﺋﺎﺑ-ﺔﻌﺋﺎﺑ,"(0.930642060745867, 0.9506343713956171, 0.9616301422529796, 1.0)",Seller,ﻊﺋﺎﺑ-ﺔﻌﺋﺎﺑ
0.029918583,1978,سكرتيرة,سكرتير,-0.059819588,0.029901005,سكرتيرة-سكرتير,ﺮﻴﺗﺮﻜﺳ-ﺓﺮﻴﺗﺮﻜﺳ,"(0.92479815455594, 0.9478662053056517, 0.960553633217993, 1.0)",Secretary,ﺮﻴﺗﺮﻜﺳ-ﺓﺮﻴﺗﺮﻜﺳ
-0.221092445,1979,ممثلة,ممثل,-0.006490867,0.2275833116439579,ممثلة-ممثل,ﻞﺜﻤﻣ-ﺔﻠﺜﻤﻣ,"(0.9314878892733564, 0.5886966551326411, 0.4649750096116877, 1.0)",Actor,ﻞﺜﻤﻣ-ﺔﻠﺜﻤﻣ
-0.080702283,1979,ممرضة,ممرض,0.047609491,0.1283117736630419,ممرضة-ممرض,ﺽﺮﻤﻣ-ﺔﺿﺮﻤﻣ,"(0.9875432525951557, 0.8803537101114955, 0.8173010380622837, 1.0)",Nurse,ﺽﺮﻤﻣ-ﺔﺿﺮﻤﻣ
-0.064829418,1979,خادمة,خادم,-0.035356622,0.1001860398389977,خادمة-خادم,ﻡﺩﺎﺧ-ﺔﻣﺩﺎﺧ,"(0.9838523644752019, 0.8975778546712803, 0.8468281430219147, 1.0)",Servant,ﻡﺩﺎﺧ-ﺔﻣﺩﺎﺧ
-0.062926004,1979,راقصة,راقص,-0.069664318,0.132590322,راقصة-راقص,ﺺﻗﺍﺭ-ﺔﺼﻗﺍﺭ,"(0.9838523644752019, 0.8975778546712803, 0.8468281430219147, 1.0)",Dancer,ﺺﻗﺍﺭ-ﺔﺼﻗﺍﺭ
-0.058483471,1979,سكرتيرة,سكرتير,-0.072101701,0.1305851716866503,سكرتيرة-سكرتير,ﺮﻴﺗﺮﻜﺳ-ﺓﺮﻴﺗﺮﻜﺳ,"(0.982006920415225, 0.9061899269511726, 0.8615916955017301, 1.0)",Secretary,ﺮﻴﺗﺮﻜﺳ-ﺓﺮﻴﺗﺮﻜﺳ
-0.03178577,1979,عاملة,عامل,-0.195125429,0.2269111991320681,عاملة-عامل,ﻞﻣﺎﻋ-ﺔﻠﻣﺎﻋ,"(0.9764705882352941, 0.9320261437908497, 0.9058823529411765, 1.0)",Worker,ﻞﻣﺎﻋ-ﺔﻠﻣﺎﻋ
-0.004115826,1979,مصورة,مصور,-0.216588466,0.220704293,مصورة-مصور,ﺭﻮﺼﻣ-ﺓﺭﻮﺼﻣ,"(0.9700115340253749, 0.9621683967704728, 0.9575547866205305, 1.0)",Photographer,ﺭﻮﺼﻣ-ﺓﺭﻮﺼﻣ
0.007316695,1979,بائعة,بائع,-0.078754097,0.071437402,بائعة-بائع,ﻊﺋﺎﺑ-ﺔﻌﺋﺎﺑ,"(0.9598615916955018, 0.9644752018454441, 0.9670126874279124, 1.0)",Seller,ﻊﺋﺎﺑ-ﺔﻌﺋﺎﺑ
0.042226571,1979,المغنية,مغني,-0.086432974,0.044206403,مغنية-مغني,ﻲﻨﻐﻤﻟﺍ-ﺔﻴﻨﻐﻤﻟﺍ,"(0.9072664359861592, 0.9395617070357555, 0.9573241061130334, 1.0)",Singer,ﻲﻨﻐﻣ-ﺔﻴﻨﻐﻣ
0.1582605377860192,1979,صحفية,صحفي,-0.238719568,0.08045903,صحفية-صحفي,ﻲﻔﺤﺻ-ﺔﻴﻔﺤﺻ,"(0.6742791234140717, 0.8242214532871974, 0.8996539792387545, 1.0)",Journalist,ﻲﻔﺤﺻ-ﺔﻴﻔﺤﺻ
-0.276795029,1980,المغنية,مغني,0.038455359,-0.315250388,مغنية-مغني,ﻲﻨﻐﻤﻟﺍ-ﺔﻴﻨﻐﻤﻟﺍ,"(0.8668973471741638, 0.44013840830449813, 0.35086505190311407, 1.0)",Singer,ﻲﻨﻐﻣ-ﺔﻴﻨﻐﻣ
-0.157381416,1980,بائعة,بائع,-0.004316691,-0.161698108,بائعة-بائع,ﻊﺋﺎﺑ-ﺔﻌﺋﺎﺑ,"(0.9713956170703576, 0.7342560553633217, 0.6212226066897346, 1.0)",Seller,ﻊﺋﺎﺑ-ﺔﻌﺋﺎﺑ
-0.134390124,1980,راقصة,راقص,-0.063754417,-0.198144541,راقصة-راقص,ﺺﻗﺍﺭ-ﺔﺼﻗﺍﺭ,"(0.9797001153402538, 0.7840830449826989, 0.6848904267589389, 1.0)",Dancer,ﺺﻗﺍﺭ-ﺔﺼﻗﺍﺭ
-0.13393928,1980,السفيرة,سفير,0.009996397,-0.143935677,سفيرة-سفير,ﺮﻴﻔﺴﻟﺍ-ﺓﺮﻴﻔﺴﻟﺍ,"(0.9797001153402538, 0.7840830449826989, 0.6848904267589389, 1.0)",Ambassador,ﺮﻴﻔﺳ-ﺓﺮﻴﻔﺳ
-0.128755558,1980,خادمة,خادم,-0.009434156,-0.138189714,خادمة-خادم,ﻡﺩﺎﺧ-ﺔﻣﺩﺎﺧ,"(0.9824682814302191, 0.8006920415224913, 0.7061130334486736, 1.0)",Servant,ﻡﺩﺎﺧ-ﺔﻣﺩﺎﺧ
-0.079578722,1980,صحفية,صحفي,0.101290707,-0.180869428,صحفية-صحفي,ﻲﻔﺤﺻ-ﺔﻴﻔﺤﺻ,"(0.9875432525951557, 0.8803537101114955, 0.8173010380622837, 1.0)",Journalist,ﻲﻔﺤﺻ-ﺔﻴﻔﺤﺻ
-0.047558117,1980,ممثلة,ممثل,0.1548864049945119,-0.202444522,ممثلة-ممثل,ﻞﺜﻤﻣ-ﺔﻠﺜﻤﻣ,"(0.980161476355248, 0.914801999231065, 0.8763552479815455, 1.0)",Actor,ﻞﺜﻤﻣ-ﺔﻠﺜﻤﻣ
-0.039134978,1980,ممرضة,ممرض,-0.094774693,-0.133909671,ممرضة-ممرض,ﺽﺮﻤﻣ-ﺔﺿﺮﻤﻣ,"(0.9783160322952711, 0.9234140715109573, 0.891118800461361, 1.0)",Nurse,ﺽﺮﻤﻣ-ﺔﺿﺮﻤﻣ
-0.018795175,1980,مصورة,مصور,0.1565338964777757,-0.175329071,مصورة-مصور,ﺭﻮﺼﻣ-ﺓﺭﻮﺼﻣ,"(0.9727797001153402, 0.9492502883506344, 0.9354094579008074, 1.0)",Photographer,ﺭﻮﺼﻣ-ﺓﺭﻮﺼﻣ
0.051826812,1980,عاملة,عامل,0.2928212204681674,-0.240994409,عاملة-عامل,ﻞﻣﺎﻋ-ﺔﻠﻣﺎﻋ,"(0.8897347174163783, 0.9312572087658594, 0.9540945790080738, 1.0)",Worker,ﻞﻣﺎﻋ-ﺔﻠﻣﺎﻋ
0.062019462,1980,سكرتيرة,سكرتير,0.088395072,-0.02637561,سكرتيرة-سكرتير,ﺮﻴﺗﺮﻜﺳ-ﺓﺮﻴﺗﺮﻜﺳ,"(0.8780469050365245, 0.9257208765859286, 0.9519415609381008, 1.0)",Secretary,ﺮﻴﺗﺮﻜﺳ-ﺓﺮﻴﺗﺮﻜﺳ
-0.181514761,1981,سكرتيرة,سكرتير,-0.003848423,0.1853631844896975,سكرتيرة-سكرتير,ﺮﻴﺗﺮﻜﺳ-ﺓﺮﻴﺗﺮﻜﺳ,"(0.9630911188004614, 0.6844290657439446, 0.5575547866205304, 1.0)",Secretary,ﺮﻴﺗﺮﻜﺳ-ﺓﺮﻴﺗﺮﻜﺳ
-0.173353547,1981,راقصة,راقص,-0.00755198,0.1809055271656713,راقصة-راقص,ﺺﻗﺍﺭ-ﺔﺼﻗﺍﺭ,"(0.9658592848904268, 0.701038062283737, 0.5787773933102651, 1.0)",Dancer,ﺺﻗﺍﺭ-ﺔﺼﻗﺍﺭ
-0.157014465,1981,ممرضة,ممرض,-0.007307997,0.1643224623759855,ممرضة-ممرض,ﺽﺮﻤﻣ-ﺔﺿﺮﻤﻣ,"(0.9713956170703576, 0.7342560553633217, 0.6212226066897346, 1.0)",Nurse,ﺽﺮﻤﻣ-ﺔﺿﺮﻤﻣ
-0.14223212,1981,مصورة,مصور,0.012227344,0.1544594645607845,مصورة-مصور,ﺭﻮﺼﻣ-ﺓﺭﻮﺼﻣ,"(0.9769319492502884, 0.7674740484429066, 0.6636678200692041, 1.0)",Photographer,ﺭﻮﺼﻣ-ﺓﺭﻮﺼﻣ
-0.134198168,1981,ممثلة,ممثل,-0.138338089,0.2725362570629253,ممثلة-ممثل,ﻞﺜﻤﻣ-ﺔﻠﺜﻤﻣ,"(0.9797001153402538, 0.7840830449826989, 0.6848904267589389, 1.0)",Actor,ﻞﺜﻤﻣ-ﺔﻠﺜﻤﻣ
-0.129228679,1981,بائعة,بائع,-0.087829906,0.2170585849682642,بائعة-بائع,ﻊﺋﺎﺑ-ﺔﻌﺋﺎﺑ,"(0.9810841983852365, 0.7923875432525951, 0.6955017301038062, 1.0)",Seller,ﻊﺋﺎﺑ-ﺔﻌﺋﺎﺑ
-0.064012664,1981,السفيرة,سفير,-0.073948246,0.1379609107044452,سفيرة-سفير,ﺮﻴﻔﺴﻟﺍ-ﺓﺮﻴﻔﺴﻟﺍ,"(0.9838523644752019, 0.8975778546712803, 0.8468281430219147, 1.0)",Ambassador,ﺮﻴﻔﺳ-ﺓﺮﻴﻔﺳ
-0.055153852,1981,مغنية,مغني,-0.004936897,0.060090749,مغنية-مغني,ﻲﻨﻐﻣ-ﺔﻴﻨﻐﻣ,"(0.982006920415225, 0.9061899269511726, 0.8615916955017301, 1.0)",Singer,ﻲﻨﻐﻣ-ﺔﻴﻨﻐﻣ
-0.047915971,1981,خادمة,خادم,0.066022084,0.1139380542782963,خادمة-خادم,ﻡﺩﺎﺧ-ﺔﻣﺩﺎﺧ,"(0.980161476355248, 0.914801999231065, 0.8763552479815455, 1.0)",Servant,ﻡﺩﺎﺧ-ﺔﻣﺩﺎﺧ
-0.021333189,1981,عاملة,عامل,-0.263438493,0.2847716819254318,عاملة-عامل,ﻞﻣﺎﻋ-ﺔﻠﻣﺎﻋ,"(0.9737024221453288, 0.9449442522106881, 0.9280276816608996, 1.0)",Worker,ﻞﻣﺎﻋ-ﺔﻠﻣﺎﻋ
0.064461752,1981,صحفية,صحفي,-0.248040661,0.1835789097109463,صحفية-صحفي,ﻲﻔﺤﺻ-ﺔﻴﻔﺤﺻ,"(0.8722029988465976, 0.9229527104959632, 0.9508650519031142, 1.0)",Journalist,ﻲﻔﺤﺻ-ﺔﻴﻔﺤﺻ
-0.295993884,1982,عاملة,عامل,-0.054487439,0.3504813229511269,عاملة-عامل,ﻞﻣﺎﻋ-ﺔﻠﻣﺎﻋ,"(0.8438292964244521, 0.3870818915801615, 0.3101114955786236, 1.0)",Worker,ﻞﻣﺎﻋ-ﺔﻠﻣﺎﻋ
-0.110519658,1982,سكرتيرة,سكرتير,0.029736343,0.1402560016925727,سكرتيرة-سكرتير,ﺮﻴﺗﺮﻜﺳ-ﺓﺮﻴﺗﺮﻜﺳ,"(0.98800461361015, 0.833910034602076, 0.748558246828143, 1.0)",Secretary,ﺮﻴﺗﺮﻜﺳ-ﺓﺮﻴﺗﺮﻜﺳ
-0.025051245,1982,ممثلة,ممثل,-0.082937787,0.1079890312318961,ممثلة-ممثل,ﻞﺜﻤﻣ-ﺔﻠﺜﻤﻣ,"(0.9746251441753172, 0.940638216070742, 0.9206459054209919, 1.0)",Actor,ﻞﺜﻤﻣ-ﺔﻠﺜﻤﻣ
0.007458027,1982,ممرضة,ممرض,0.1038211349554701,0.096363108,ممرضة-ممرض,ﺽﺮﻤﻣ-ﺔﺿﺮﻤﻣ,"(0.9598615916955018, 0.9644752018454441, 0.9670126874279124, 1.0)",Nurse,ﺽﺮﻤﻣ-ﺔﺿﺮﻤﻣ
0.018755018,1982,السفيرة,سفير,-0.071702728,0.052947709,سفيرة-سفير,ﺮﻴﻔﺴﻟﺍ-ﺓﺮﻴﻔﺴﻟﺍ,"(0.942329873125721, 0.956170703575548, 0.9637831603229527, 1.0)",Ambassador,ﺮﻴﻔﺳ-ﺓﺮﻴﻔﺳ
0.031421147,1982,مصورة,مصور,-0.113691115,0.082269968,مصورة-مصور,ﺭﻮﺼﻣ-ﺓﺭﻮﺼﻣ,"(0.9189542483660131, 0.9450980392156864, 0.9594771241830066, 1.0)",Photographer,ﺭﻮﺼﻣ-ﺓﺭﻮﺼﻣ
0.056810135,1982,خادمة,خادم,-0.176904566,0.1200944309493975,خادمة-خادم,ﻡﺩﺎﺧ-ﺔﻣﺩﺎﺧ,"(0.8838908112264514, 0.9284890426758939, 0.9530180699730872, 1.0)",Servant,ﻡﺩﺎﺧ-ﺔﻣﺩﺎﺧ
0.06029063,1982,المغنية,مغني,-0.136926376,0.076635746,مغنية-مغني,ﻲﻨﻐﻤﻟﺍ-ﺔﻴﻨﻐﻤﻟﺍ,"(0.8780469050365245, 0.9257208765859286, 0.9519415609381008, 1.0)",Singer,ﻲﻨﻐﻣ-ﺔﻴﻨﻐﻣ
0.070713332,1982,راقصة,راقص,-0.077197856,-0.006484525,راقصة-راقص,ﺺﻗﺍﺭ-ﺔﺼﻗﺍﺭ,"(0.8605151864667436, 0.9174163783160324, 0.9487120338331411, 1.0)",Dancer,ﺺﻗﺍﺭ-ﺔﺼﻗﺍﺭ
0.1009132502788181,1982,صحفية,صحفي,-0.243584391,0.1426711410656325,صحفية-صحفي,ﻲﻔﺤﺻ-ﺔﻴﻔﺤﺻ,"(0.8196078431372551, 0.8980392156862746, 0.9411764705882353, 1.0)",Journalist,ﻲﻔﺤﺻ-ﺔﻴﻔﺤﺻ
-0.30907108,1983,ممرضة,ممرض,-0.00469511,-0.31376619,ممرضة-ممرض,ﺽﺮﻤﻣ-ﺔﺿﺮﻤﻣ,"(0.8226066897347174, 0.34325259515570933, 0.28627450980392155, 1.0)",Nurse,ﺽﺮﻤﻣ-ﺔﺿﺮﻤﻣ
-0.211601163,1983,عاملة,عامل,0.1399930314557427,-0.351594195,عاملة-عامل,ﻞﻣﺎﻋ-ﺔﻠﻣﺎﻋ,"(0.940715109573241, 0.6099192618223759, 0.4812764321414839, 1.0)",Worker,ﻞﻣﺎﻋ-ﺔﻠﻣﺎﻋ
-0.16261294,1983,بائعة,بائع,0.06247091,-0.22508385,بائعة-بائع,ﻊﺋﺎﺑ-ﺔﻌﺋﺎﺑ,"(0.9700115340253749, 0.7259515570934255, 0.6106113033448672, 1.0)",Seller,ﻊﺋﺎﺑ-ﺔﻌﺋﺎﺑ
-0.11214844,1983,ممثلة,ممثل,0.07912542,-0.191273859,ممثلة-ممثل,ﻞﺜﻤﻣ-ﺔﻠﺜﻤﻣ,"(0.98800461361015, 0.833910034602076, 0.748558246828143, 1.0)",Actor,ﻞﺜﻤﻣ-ﺔﻠﺜﻤﻣ
-0.103527714,1983,سفيرة,سفير,-0.046045875,-0.149573588,سفيرة-سفير,ﺮﻴﻔﺳ-ﺓﺮﻴﻔﺳ,"(0.9907727797001153, 0.8505190311418684, 0.7697808535178777, 1.0)",Ambassador,ﺮﻴﻔﺳ-ﺓﺮﻴﻔﺳ
-0.097349982,1983,المغنية,مغني,0.1652825085015821,-0.262632491,مغنية-مغني,ﻲﻨﻐﻤﻟﺍ-ﺔﻴﻨﻐﻤﻟﺍ,"(0.9912341407151096, 0.8631295655517108, 0.7877739331026529, 1.0)",Singer,ﻲﻨﻐﻣ-ﺔﻴﻨﻐﻣ
-0.063623974,1983,راقصة,راقص,-0.121178531,-0.184802505,راقصة-راقص,ﺺﻗﺍﺭ-ﺔﺼﻗﺍﺭ,"(0.9838523644752019, 0.8975778546712803, 0.8468281430219147, 1.0)",Dancer,ﺺﻗﺍﺭ-ﺔﺼﻗﺍﺭ
-0.060018723,1983,سكرتيرة,سكرتير,-0.078279847,-0.138298569,سكرتيرة-سكرتير,ﺮﻴﺗﺮﻜﺳ-ﺓﺮﻴﺗﺮﻜﺳ,"(0.9829296424452134, 0.9018838908112264, 0.8542099192618224, 1.0)",Secretary,ﺮﻴﺗﺮﻜﺳ-ﺓﺮﻴﺗﺮﻜﺳ
-0.053798667,1983,صحفية,صحفي,0.1616730009434205,-0.215471668,صحفية-صحفي,ﻲﻔﺤﺻ-ﺔﻴﻔﺤﺻ,"(0.9810841983852365, 0.9104959630911187, 0.8689734717416377, 1.0)",Journalist,ﻲﻔﺤﺻ-ﺔﻴﻔﺤﺻ
-0.04356425,1983,مصورة,مصور,0.02326151,-0.066825759,مصورة-مصور,ﺭﻮﺼﻣ-ﺓﺭﻮﺼﻣ,"(0.9792387543252595, 0.9191080353710112, 0.8837370242214533, 1.0)",Photographer,ﺭﻮﺼﻣ-ﺓﺭﻮﺼﻣ
0.079343067,1983,خادمة,خادم,0.1711805509792598,-0.091837484,خادمة-خادم,ﻡﺩﺎﺧ-ﺔﻣﺩﺎﺧ,"(0.8488273740868899, 0.9118800461361016, 0.946559015763168, 1.0)",Servant,ﻡﺩﺎﺧ-ﺔﻣﺩﺎﺧ
-0.2306432,1984,سكرتيرة,سكرتير,-0.00835689,-0.23900009,سكرتيرة-سكرتير,ﺮﻴﺗﺮﻜﺳ-ﺓﺮﻴﺗﺮﻜﺳ,"(0.9176470588235294, 0.5568627450980391, 0.44052287581699334, 1.0)",Secretary,ﺮﻴﺗﺮﻜﺳ-ﺓﺮﻴﺗﺮﻜﺳ
-0.128472714,1984,مغنية,مغني,0.063455151,0.1919278649184337,مغنية-مغني,ﻲﻨﻐﻣ-ﺔﻴﻨﻐﻣ,"(0.9824682814302191, 0.8006920415224913, 0.7061130334486736, 1.0)",Singer,ﻲﻨﻐﻣ-ﺔﻴﻨﻐﻣ
-0.115863808,1984,ممثلة,ممثل,0.1129958509585876,-0.228859659,ممثلة-ممثل,ﻞﺜﻤﻣ-ﺔﻠﺜﻤﻣ,"(0.9866205305651673, 0.8256055363321797, 0.7379469434832755, 1.0)",Actor,ﻞﺜﻤﻣ-ﺔﻠﺜﻤﻣ
-0.057839049,1984,بائعة,بائع,0.04679611,-0.104635159,بائعة-بائع,ﻊﺋﺎﺑ-ﺔﻌﺋﺎﺑ,"(0.982006920415225, 0.9061899269511726, 0.8615916955017301, 1.0)",Seller,ﻊﺋﺎﺑ-ﺔﻌﺋﺎﺑ
-0.054722528,1984,عاملة,عامل,0.1823089205305162,-0.237031448,عاملة-عامل,ﻞﻣﺎﻋ-ﺔﻠﻣﺎﻋ,"(0.982006920415225, 0.9061899269511726, 0.8615916955017301, 1.0)",Worker,ﻞﻣﺎﻋ-ﺔﻠﻣﺎﻋ
-0.038930228,1984,السفيرة,سفير,-0.045581513,-0.08451174,سفيرة-سفير,ﺮﻴﻔﺴﻟﺍ-ﺓﺮﻴﻔﺴﻟﺍ,"(0.9773933102652826, 0.9277201076509035, 0.8985005767012687, 1.0)",Ambassador,ﺮﻴﻔﺳ-ﺓﺮﻴﻔﺳ
-0.02580629,1984,صحفية,صحفي,0.1838991100902609,-0.2097054,صحفية-صحفي,ﻲﻔﺤﺻ-ﺔﻴﻔﺤﺻ,"(0.9746251441753172, 0.940638216070742, 0.9206459054209919, 1.0)",Journalist,ﻲﻔﺤﺻ-ﺔﻴﻔﺤﺻ
-0.007277542,1984,خادمة,خادم,0.05573151,-0.063009052,خادمة-خادم,ﻡﺩﺎﺧ-ﺔﻣﺩﺎﺧ,"(0.9700115340253749, 0.9621683967704728, 0.9575547866205305, 1.0)",Servant,ﻡﺩﺎﺧ-ﺔﻣﺩﺎﺧ
0.021301026,1984,راقصة,راقص,0.049196085,0.027895059,راقصة-راقص,ﺺﻗﺍﺭ-ﺔﺼﻗﺍﺭ,"(0.936485966935794, 0.9534025374855825, 0.9627066512879662, 1.0)",Dancer,ﺺﻗﺍﺭ-ﺔﺼﻗﺍﺭ
0.06313235,1984,مصورة,مصور,0.1449134849166383,-0.081781135,مصورة-مصور,ﺭﻮﺼﻣ-ﺓﺭﻮﺼﻣ,"(0.8722029988465976, 0.9229527104959632, 0.9508650519031142, 1.0)",Photographer,ﺭﻮﺼﻣ-ﺓﺭﻮﺼﻣ
-0.202142465,1985,بائعة,بائع,-0.030912892,0.2330553570930445,بائعة-بائع,ﻊﺋﺎﺑ-ﺔﻌﺋﺎﺑ,"(0.954555940023068, 0.641753171856978, 0.5057285659361782, 1.0)",Seller,ﻊﺋﺎﺑ-ﺔﻌﺋﺎﺑ
-0.197692646,1985,سفيرة,سفير,-0.012321947,0.2100145925820761,سفيرة-سفير,ﺮﻴﻔﺳ-ﺓﺮﻴﻔﺳ,"(0.9575547866205306, 0.6512110726643597, 0.515109573241061, 1.0)",Ambassador,ﺮﻴﻔﺳ-ﺓﺮﻴﻔﺳ
-0.195164792,1985,راقصة,راقص,0.014893456,0.2100582482072907,راقصة-راقص,ﺺﻗﺍﺭ-ﺔﺼﻗﺍﺭ,"(0.9589388696655133, 0.659515570934256, 0.5257208765859284, 1.0)",Dancer,ﺺﻗﺍﺭ-ﺔﺼﻗﺍﺭ
-0.16720233,1985,عاملة,عامل,-0.151473607,0.3186759371816061,عاملة-عامل,ﻞﻣﺎﻋ-ﺔﻠﻣﺎﻋ,"(0.9686274509803922, 0.7176470588235293, 0.5999999999999999, 1.0)",Worker,ﻞﻣﺎﻋ-ﺔﻠﻣﺎﻋ
-0.089058002,1985,صحفية,صحفي,-0.164271374,0.2533293762918235,صحفية-صحفي,ﻲﻔﺤﺻ-ﺔﻴﻔﺤﺻ,"(0.9893886966551326, 0.8717416378316032, 0.8025374855824683, 1.0)",Journalist,ﻲﻔﺤﺻ-ﺔﻴﻔﺤﺻ
-0.087390645,1985,المغنية,مغني,-0.098140472,0.1855311163226625,مغنية-مغني,ﻲﻨﻐﻤﻟﺍ-ﺔﻴﻨﻐﻤﻟﺍ,"(0.9893886966551326, 0.8717416378316032, 0.8025374855824683, 1.0)",Singer,ﻲﻨﻐﻣ-ﺔﻴﻨﻐﻣ
-0.036885445,1985,ممثلة,ممثل,-0.206518662,0.2434041068987025,ممثلة-ممثل,ﻞﺜﻤﻣ-ﺔﻠﺜﻤﻣ,"(0.9773933102652826, 0.9277201076509035, 0.8985005767012687, 1.0)",Actor,ﻞﺜﻤﻣ-ﺔﻠﺜﻤﻣ
-0.029058978,1985,خادمة,خادم,0.054032929,0.083091907,خادمة-خادم,ﻡﺩﺎﺧ-ﺔﻣﺩﺎﺧ,"(0.9755478662053056, 0.9363321799307959, 0.9132641291810842, 1.0)",Servant,ﻡﺩﺎﺧ-ﺔﻣﺩﺎﺧ
0.026184547,1985,مصورة,مصور,-0.155572035,0.1293874875985406,مصورة-مصور,ﺭﻮﺼﻣ-ﺓﺭﻮﺼﻣ,"(0.930642060745867, 0.9506343713956171, 0.9616301422529796, 1.0)",Photographer,ﺭﻮﺼﻣ-ﺓﺭﻮﺼﻣ
0.030477149,1985,سكرتيرة,سكرتير,-0.092071611,0.061594462,سكرتيرة-سكرتير,ﺮﻴﺗﺮﻜﺳ-ﺓﺮﻴﺗﺮﻜﺳ,"(0.92479815455594, 0.9478662053056517, 0.960553633217993, 1.0)",Secretary,ﺮﻴﺗﺮﻜﺳ-ﺓﺮﻴﺗﺮﻜﺳ
-0.213711365,1986,السفيرة,سفير,0.00957598,-0.223287345,سفيرة-سفير,ﺮﻴﻔﺴﻟﺍ-ﺓﺮﻴﻔﺴﻟﺍ,"(0.940715109573241, 0.6099192618223759, 0.4812764321414839, 1.0)",Ambassador,ﺮﻴﻔﺳ-ﺓﺮﻴﻔﺳ
-0.185124866,1986,بائعة,بائع,-0.03639259,-0.221517456,بائعة-بائع,ﻊﺋﺎﺑ-ﺔﻌﺋﺎﺑ,"(0.9617070357554787, 0.6761245674740484, 0.546943483275663, 1.0)",Seller,ﻊﺋﺎﺑ-ﺔﻌﺋﺎﺑ
-0.175216491,1986,عاملة,عامل,0.1659647873961458,-0.341181279,عاملة-عامل,ﻞﻣﺎﻋ-ﺔﻠﻣﺎﻋ,"(0.9658592848904268, 0.701038062283737, 0.5787773933102651, 1.0)",Worker,ﻞﻣﺎﻋ-ﺔﻠﻣﺎﻋ
-0.159645148,1986,راقصة,راقص,0.019743963,-0.179389111,راقصة-راقص,ﺺﻗﺍﺭ-ﺔﺼﻗﺍﺭ,"(0.9713956170703576, 0.7342560553633217, 0.6212226066897346, 1.0)",Dancer,ﺺﻗﺍﺭ-ﺔﺼﻗﺍﺭ
-0.12243665,1986,مصورة,مصور,0.1103770598647412,-0.232813709,مصورة-مصور,ﺭﻮﺼﻣ-ﺓﺭﻮﺼﻣ,"(0.9838523644752019, 0.8089965397923875, 0.7167243367935409, 1.0)",Photographer,ﺭﻮﺼﻣ-ﺓﺭﻮﺼﻣ
0.012825009,1986,مغنية,مغني,-0.037195631,-0.024370622,مغنية-مغني,ﻲﻨﻐﻣ-ﺔﻴﻨﻐﻣ,"(0.9481737793156478, 0.9589388696655132, 0.9648596693579392, 1.0)",Singer,ﻲﻨﻐﻣ-ﺔﻴﻨﻐﻣ
0.022296749,1986,خادمة,خادم,0.033007403,-0.010710654,خادمة-خادم,ﻡﺩﺎﺧ-ﺔﻣﺩﺎﺧ,"(0.936485966935794, 0.9534025374855825, 0.9627066512879662, 1.0)",Servant,ﻡﺩﺎﺧ-ﺔﻣﺩﺎﺧ
0.046815401,1986,سكرتيرة,سكرتير,0.090400116,-0.043584715,سكرتيرة-سكرتير,ﺮﻴﺗﺮﻜﺳ-ﺓﺮﻴﺗﺮﻜﺳ,"(0.9014225297962323, 0.9367935409457901, 0.956247597078047, 1.0)",Secretary,ﺮﻴﺗﺮﻜﺳ-ﺓﺮﻴﺗﺮﻜﺳ
0.1073106866460018,1986,ممثلة,ممثل,0.2041181702178744,-0.096807484,ممثلة-ممثل,ﻞﺜﻤﻣ-ﺔﻠﺜﻤﻣ,"(0.8002306805074973, 0.8881968473663977, 0.9356401384083045, 1.0)",Actor,ﻞﺜﻤﻣ-ﺔﻠﺜﻤﻣ
0.21250789,1986,صحفية,صحفي,0.3286507104228415,-0.116142821,صحفية-صحفي,ﻲﻔﺤﺻ-ﺔﻴﻔﺤﺻ,"(0.530026912725875, 0.7456362937331797, 0.8560553633217994, 1.0)",Journalist,ﻲﻔﺤﺻ-ﺔﻴﻔﺤﺻ
-0.265417061,1987,مصورة,مصور,-0.043101007,0.3085180681510234,مصورة-مصور,ﺭﻮﺼﻣ-ﺓﺭﻮﺼﻣ,"(0.8807381776239908, 0.4719723183391003, 0.3753171856978085, 1.0)",Photographer,ﺭﻮﺼﻣ-ﺓﺭﻮﺼﻣ
-0.244826967,1987,راقصة,راقص,0.027932694,0.2727596603006909,راقصة-راقص,ﺺﻗﺍﺭ-ﺔﺼﻗﺍﺭ,"(0.9038062283737024, 0.5250288350634371, 0.41607074202229904, 1.0)",Dancer,ﺺﻗﺍﺭ-ﺔﺼﻗﺍﺭ
-0.239403358,1987,صحفية,صحفي,-0.084061078,0.3234644353220221,صحفية-صحفي,ﻲﻔﺤﺻ-ﺔﻴﻔﺤﺻ,"(0.9084198385236447, 0.5356401384083043, 0.424221453287197, 1.0)",Journalist,ﻲﻔﺤﺻ-ﺔﻴﻔﺤﺻ
-0.231408901,1987,بائعة,بائع,-0.012221285,0.2436301859865825,بائعة-بائع,ﻊﺋﺎﺑ-ﺔﻌﺋﺎﺑ,"(0.9176470588235294, 0.5568627450980391, 0.44052287581699334, 1.0)",Seller,ﻊﺋﺎﺑ-ﺔﻌﺋﺎﺑ
-0.230814691,1987,السفيرة,سفير,-0.03866911,0.2694838013927025,سفيرة-سفير,ﺮﻴﻔﺴﻟﺍ-ﺓﺮﻴﻔﺴﻟﺍ,"(0.9176470588235294, 0.5568627450980391, 0.44052287581699334, 1.0)",Ambassador,ﺮﻴﻔﺳ-ﺓﺮﻴﻔﺳ
-0.136802935,1987,خادمة,خادم,-0.013250235,0.1500531690463489,خادمة-خادم,ﻡﺩﺎﺧ-ﺔﻣﺩﺎﺧ,"(0.9783160322952711, 0.7757785467128027, 0.6742791234140715, 1.0)",Servant,ﻡﺩﺎﺧ-ﺔﻣﺩﺎﺧ
-0.135904111,1987,الممرضة,ممرض,0.015597516,0.1515016273503417,ممرضة-ممرض,ﺽﺮﻤﻤﻟﺍ-ﺔﺿﺮﻤﻤﻟﺍ,"(0.9797001153402538, 0.7840830449826989, 0.6848904267589389, 1.0)",Nurse,ﺽﺮﻤﻣ-ﺔﺿﺮﻤﻣ
-0.063680575,1987,عاملة,عامل,-0.201935835,0.2656164096524919,عاملة-عامل,ﻞﻣﺎﻋ-ﺔﻠﻣﺎﻋ,"(0.9838523644752019, 0.8975778546712803, 0.8468281430219147, 1.0)",Worker,ﻞﻣﺎﻋ-ﺔﻠﻣﺎﻋ
-0.022922176,1987,سكرتيرة,سكرتير,-0.091174843,0.1140970195285742,سكرتيرة-سكرتير,ﺮﻴﺗﺮﻜﺳ-ﺓﺮﻴﺗﺮﻜﺳ,"(0.9737024221453288, 0.9449442522106881, 0.9280276816608996, 1.0)",Secretary,ﺮﻴﺗﺮﻜﺳ-ﺓﺮﻴﺗﺮﻜﺳ
0.072056169,1987,ممثلة,ممثل,-0.145973191,0.073917023,ممثلة-ممثل,ﻞﺜﻤﻣ-ﺔﻠﺜﻤﻣ,"(0.8605151864667436, 0.9174163783160324, 0.9487120338331411, 1.0)",Actor,ﻞﺜﻤﻣ-ﺔﻠﺜﻤﻣ
0.1083552517137669,1987,مغنية,مغني,-0.119175732,0.01082048,مغنية-مغني,ﻲﻨﻐﻣ-ﺔﻴﻨﻐﻣ,"(0.8002306805074973, 0.8881968473663977, 0.9356401384083045, 1.0)",Singer,ﻲﻨﻐﻣ-ﺔﻴﻨﻐﻣ
-0.285856672,1988,عاملة,عامل,-0.12234856,0.4082052320435856,عاملة-عامل,ﻞﻣﺎﻋ-ﺔﻠﻣﺎﻋ,"(0.8530565167243368, 0.4083044982698962, 0.3264129181084198, 1.0)",Worker,ﻞﻣﺎﻋ-ﺔﻠﻣﺎﻋ
-0.226313252,1988,بائعة,بائع,0.021966173,0.2482794240932407,بائعة-بائع,ﻊﺋﺎﺑ-ﺔﻌﺋﺎﺑ,"(0.926874279123414, 0.5780853517877739, 0.4568242983467896, 1.0)",Seller,ﻊﺋﺎﺑ-ﺔﻌﺋﺎﺑ
-0.162281771,1988,السفيرة,سفير,-0.070338685,0.2326204565210529,سفيرة-سفير,ﺮﻴﻔﺴﻟﺍ-ﺓﺮﻴﻔﺴﻟﺍ,"(0.9700115340253749, 0.7259515570934255, 0.6106113033448672, 1.0)",Ambassador,ﺮﻴﻔﺳ-ﺓﺮﻴﻔﺳ
-0.15480551,1988,راقصة,راقص,-0.023987179,0.1787926894182684,راقصة-راقص,ﺺﻗﺍﺭ-ﺔﺼﻗﺍﺭ,"(0.9727797001153403, 0.7425605536332179, 0.631833910034602, 1.0)",Dancer,ﺺﻗﺍﺭ-ﺔﺼﻗﺍﺭ
-0.081656397,1988,سكرتيرة,سكرتير,-0.12310118,0.2047575765828221,سكرتيرة-سكرتير,ﺮﻴﺗﺮﻜﺳ-ﺓﺮﻴﺗﺮﻜﺳ,"(0.9875432525951557, 0.8803537101114955, 0.8173010380622837, 1.0)",Secretary,ﺮﻴﺗﺮﻜﺳ-ﺓﺮﻴﺗﺮﻜﺳ
-0.07772031,1988,مصورة,مصور,-0.079053169,0.1567734781291442,مصورة-مصور,ﺭﻮﺼﻣ-ﺓﺭﻮﺼﻣ,"(0.9866205305651673, 0.8846597462514417, 0.8246828143021915, 1.0)",Photographer,ﺭﻮﺼﻣ-ﺓﺭﻮﺼﻣ
-0.020248097,1988,خادمة,خادم,-0.095646456,0.1158945530408349,خادمة-خادم,ﻡﺩﺎﺧ-ﺔﻣﺩﺎﺧ,"(0.9737024221453288, 0.9449442522106881, 0.9280276816608996, 1.0)",Servant,ﻡﺩﺎﺧ-ﺔﻣﺩﺎﺧ
-0.011726305,1988,المغنية,مغني,-0.16748205,0.1792083540884764,مغنية-مغني,ﻲﻨﻐﻤﻟﺍ-ﺔﻴﻨﻐﻤﻟﺍ,"(0.9718569780853518, 0.9535563244905806, 0.9427912341407151, 1.0)",Singer,ﻲﻨﻐﻣ-ﺔﻴﻨﻐﻣ
0.02444091,1988,ممثلة,ممثل,-0.181382948,0.1569420380392213,ممثلة-ممثل,ﻞﺜﻤﻣ-ﺔﻠﺜﻤﻣ,"(0.930642060745867, 0.9506343713956171, 0.9616301422529796, 1.0)",Actor,ﻞﺜﻤﻣ-ﺔﻠﺜﻤﻣ
0.1286688524548108,1988,صحفية,صحفي,-0.305026002,0.1763571491654112,صحفية-صحفي,ﻲﻔﺤﺻ-ﺔﻴﻔﺤﺻ,"(0.7517877739331029, 0.8635909265667053, 0.9217993079584775, 1.0)",Journalist,ﻲﻔﺤﺻ-ﺔﻴﻔﺤﺻ
-0.271413099,1989,عاملة,عامل,-0.110488882,0.3819019817227624,عاملة-عامل,ﻞﻣﺎﻋ-ﺔﻠﻣﺎﻋ,"(0.8715109573241061, 0.4507497116493656, 0.35901576316801226, 1.0)",Worker,ﻞﻣﺎﻋ-ﺔﻠﻣﺎﻋ
-0.158318265,1989,سكرتيرة,سكرتير,-0.057142698,0.2154609632666013,سكرتيرة-سكرتير,ﺮﻴﺗﺮﻜﺳ-ﺓﺮﻴﺗﺮﻜﺳ,"(0.9713956170703576, 0.7342560553633217, 0.6212226066897346, 1.0)",Secretary,ﺮﻴﺗﺮﻜﺳ-ﺓﺮﻴﺗﺮﻜﺳ
-0.094341855,1989,راقصة,راقص,-0.09285681,0.1871986645990012,راقصة-راقص,ﺺﻗﺍﺭ-ﺔﺼﻗﺍﺭ,"(0.9912341407151096, 0.8631295655517108, 0.7877739331026529, 1.0)",Dancer,ﺺﻗﺍﺭ-ﺔﺼﻗﺍﺭ
-0.085720226,1989,السفيرة,سفير,-0.100940871,0.1866610979001333,سفيرة-سفير,ﺮﻴﻔﺴﻟﺍ-ﺓﺮﻴﻔﺴﻟﺍ,"(0.9884659746251442, 0.8760476739715493, 0.809919261822376, 1.0)",Ambassador,ﺮﻴﻔﺳ-ﺓﺮﻴﻔﺳ
-0.082325957,1989,صحفية,صحفي,-0.094168333,0.1764942896475623,صحفية-صحفي,ﻲﻔﺤﺻ-ﺔﻴﻔﺤﺻ,"(0.9884659746251442, 0.8760476739715493, 0.809919261822376, 1.0)",Journalist,ﻲﻔﺤﺻ-ﺔﻴﻔﺤﺻ
-0.053311832,1989,بائعة,بائع,-0.089980251,0.1432920833789759,بائعة-بائع,ﻊﺋﺎﺑ-ﺔﻌﺋﺎﺑ,"(0.9810841983852365, 0.9104959630911187, 0.8689734717416377, 1.0)",Seller,ﻊﺋﺎﺑ-ﺔﻌﺋﺎﺑ
-0.017574214,1989,خادمة,خادم,-0.139816248,0.157390462,خادمة-خادم,ﻡﺩﺎﺧ-ﺔﻣﺩﺎﺧ,"(0.9727797001153402, 0.9492502883506344, 0.9354094579008074, 1.0)",Servant,ﻡﺩﺎﺧ-ﺔﻣﺩﺎﺧ
-0.008342731,1989,مصورة,مصور,-0.16379989,0.1721426206434845,مصورة-مصور,ﺭﻮﺼﻣ-ﺓﺭﻮﺼﻣ,"(0.9709342560553633, 0.9578623606305268, 0.9501730103806229, 1.0)",Photographer,ﺭﻮﺼﻣ-ﺓﺭﻮﺼﻣ
-0.005472574,1989,ممثلة,ممثل,-0.221597216,0.22706979,ممثلة-ممثل,ﻞﺜﻤﻣ-ﺔﻠﺜﻤﻣ,"(0.9700115340253749, 0.9621683967704728, 0.9575547866205305, 1.0)",Actor,ﻞﺜﻤﻣ-ﺔﻠﺜﻤﻣ
-0.225862983,1990,مصورة,مصور,-0.11647122,0.3423342024108263,مصورة-مصور,ﺭﻮﺼﻣ-ﺓﺭﻮﺼﻣ,"(0.926874279123414, 0.5780853517877739, 0.4568242983467896, 1.0)",Photographer,ﺭﻮﺼﻣ-ﺓﺭﻮﺼﻣ
-0.216124247,1990,المغنية,مغني,0.036514847,0.2526390939485757,مغنية-مغني,ﻲﻨﻐﻤﻟﺍ-ﺔﻴﻨﻐﻤﻟﺍ,"(0.9361014994232987, 0.5993079584775085, 0.4731257208765858, 1.0)",Singer,ﻲﻨﻐﻣ-ﺔﻴﻨﻐﻣ
-0.16317804,1990,عاملة,عامل,-0.1613544,0.3245324401283814,عاملة-عامل,ﻞﻣﺎﻋ-ﺔﻠﻣﺎﻋ,"(0.9700115340253749, 0.7259515570934255, 0.6106113033448672, 1.0)",Worker,ﻞﻣﺎﻋ-ﺔﻠﻣﺎﻋ
-0.146807988,1990,راقصة,راقص,0.1493483823009269,0.2961563698133127,راقصة-راقص,ﺺﻗﺍﺭ-ﺔﺼﻗﺍﺭ,"(0.9755478662053056, 0.7591695501730102, 0.6530565167243365, 1.0)",Dancer,ﺺﻗﺍﺭ-ﺔﺼﻗﺍﺭ
-0.096889412,1990,صحفية,صحفي,-0.116136708,0.2130261206105773,صحفية-صحفي,ﻲﻔﺤﺻ-ﺔﻴﻔﺤﺻ,"(0.9912341407151096, 0.8631295655517108, 0.7877739331026529, 1.0)",Journalist,ﻲﻔﺤﺻ-ﺔﻴﻔﺤﺻ
-0.050557813,1990,بائعة,بائع,0.036990296,0.087548109,بائعة-بائع,ﻊﺋﺎﺑ-ﺔﻌﺋﺎﺑ,"(0.980161476355248, 0.914801999231065, 0.8763552479815455, 1.0)",Seller,ﻊﺋﺎﺑ-ﺔﻌﺋﺎﺑ
-0.009069224,1990,سفيرة,سفير,-0.080114151,-0.089183376,سفيرة-سفير,ﺮﻴﻔﺳ-ﺓﺮﻴﻔﺳ,"(0.9709342560553633, 0.9578623606305268, 0.9501730103806229, 1.0)",Ambassador,ﺮﻴﻔﺳ-ﺓﺮﻴﻔﺳ
0.026761519,1990,خادمة,خادم,-0.166726395,0.1399648759330114,خادمة-خادم,ﻡﺩﺎﺧ-ﺔﻣﺩﺎﺧ,"(0.930642060745867, 0.9506343713956171, 0.9616301422529796, 1.0)",Servant,ﻡﺩﺎﺧ-ﺔﻣﺩﺎﺧ
0.066603766,1990,سكرتيرة,سكرتير,-0.156527722,0.089923955,سكرتيرة-سكرتير,ﺮﻴﺗﺮﻜﺳ-ﺓﺮﻴﺗﺮﻜﺳ,"(0.8663590926566707, 0.9201845444059977, 0.9497885428681276, 1.0)",Secretary,ﺮﻴﺗﺮﻜﺳ-ﺓﺮﻴﺗﺮﻜﺳ
0.077820009,1990,ممثلة,ممثل,-0.190382468,0.1125624581474712,ممثلة-ممثل,ﻞﺜﻤﻣ-ﺔﻠﺜﻤﻣ,"(0.8546712802768167, 0.914648212226067, 0.9476355247981546, 1.0)",Actor,ﻞﺜﻤﻣ-ﺔﻠﺜﻤﻣ
-0.18023251,1991,الصيدلانية,صيدلي,0.037553759,-0.217786269,صيدلانية-صيدلي,ﻲﻟﺪﻴﺼﻟﺍ-ﺔﻴﻧﻻﺪﻴﺼﻟﺍ,"(0.9630911188004614, 0.6844290657439446, 0.5575547866205304, 1.0)",Pharmacist,ﻲﻟﺪﻴﺻ-ﺔﻴﻧﻻﺪﻴﺻ
-0.173323814,1991,عاملة,عامل,0.2182448722841914,-0.391568687,عاملة-عامل,ﻞﻣﺎﻋ-ﺔﻠﻣﺎﻋ,"(0.9658592848904268, 0.701038062283737, 0.5787773933102651, 1.0)",Worker,ﻞﻣﺎﻋ-ﺔﻠﻣﺎﻋ
-0.149465159,1991,مصورة,مصور,0.049040073,-0.198505232,مصورة-مصور,ﺭﻮﺼﻣ-ﺓﺭﻮﺼﻣ,"(0.9741637831603229, 0.7508650519031141, 0.6424452133794694, 1.0)",Photographer,ﺭﻮﺼﻣ-ﺓﺭﻮﺼﻣ
-0.115362127,1991,سفيرة,سفير,0.052550426,-0.167912553,سفيرة-سفير,ﺮﻴﻔﺳ-ﺓﺮﻴﻔﺳ,"(0.9866205305651673, 0.8256055363321797, 0.7379469434832755, 1.0)",Ambassador,ﺮﻴﻔﺳ-ﺓﺮﻴﻔﺳ
-0.081978786,1991,صحفية,صحفي,0.1544421662155888,-0.236420952,صحفية-صحفي,ﻲﻔﺤﺻ-ﺔﻴﻔﺤﺻ,"(0.9875432525951557, 0.8803537101114955, 0.8173010380622837, 1.0)",Journalist,ﻲﻔﺤﺻ-ﺔﻴﻔﺤﺻ
-0.07321518,1991,بائعة,بائع,0.1067098725825132,-0.179925052,بائعة-بائع,ﻊﺋﺎﺑ-ﺔﻌﺋﺎﺑ,"(0.9856978085351787, 0.8889657823913879, 0.8320645905420992, 1.0)",Seller,ﻊﺋﺎﺑ-ﺔﻌﺋﺎﺑ
-0.067695429,1991,راقصة,راقص,0.02074193,-0.088437359,راقصة-راقص,ﺺﻗﺍﺭ-ﺔﺼﻗﺍﺭ,"(0.9847750865051903, 0.8932718185313341, 0.8394463667820069, 1.0)",Dancer,ﺺﻗﺍﺭ-ﺔﺼﻗﺍﺭ
-0.040472035,1991,ممثلة,ممثل,0.1307932567573962,-0.171265292,ممثلة-ممثل,ﻞﺜﻤﻣ-ﺔﻠﺜﻤﻣ,"(0.9783160322952711, 0.9234140715109573, 0.891118800461361, 1.0)",Actor,ﻞﺜﻤﻣ-ﺔﻠﺜﻤﻣ
-0.035312677,1991,سكرتيرة,سكرتير,0.1518423471627955,-0.187155025,سكرتيرة-سكرتير,ﺮﻴﺗﺮﻜﺳ-ﺓﺮﻴﺗﺮﻜﺳ,"(0.9773933102652826, 0.9277201076509035, 0.8985005767012687, 1.0)",Secretary,ﺮﻴﺗﺮﻜﺳ-ﺓﺮﻴﺗﺮﻜﺳ
-0.02852771,1991,مغنية,مغني,0.068594388,0.097122098,مغنية-مغني,ﻲﻨﻐﻣ-ﺔﻴﻨﻐﻣ,"(0.9755478662053056, 0.9363321799307959, 0.9132641291810842, 1.0)",Singer,ﻲﻨﻐﻣ-ﺔﻴﻨﻐﻣ
-0.026970352,1991,ممرضة,ممرض,0.2289227385306493,-0.255893091,ممرضة-ممرض,ﺽﺮﻤﻣ-ﺔﺿﺮﻤﻣ,"(0.9746251441753172, 0.940638216070742, 0.9206459054209919, 1.0)",Nurse,ﺽﺮﻤﻣ-ﺔﺿﺮﻤﻣ
0.016481822,1991,خادمة,خادم,0.1946633884898132,-0.178181567,خادمة-خادم,ﻡﺩﺎﺧ-ﺔﻣﺩﺎﺧ,"(0.942329873125721, 0.956170703575548, 0.9637831603229527, 1.0)",Servant,ﻡﺩﺎﺧ-ﺔﻣﺩﺎﺧ
-0.263992116,1992,راقصة,راقص,-0.095569516,-0.359561632,راقصة-راقص,ﺺﻗﺍﺭ-ﺔﺼﻗﺍﺭ,"(0.8807381776239908, 0.4719723183391003, 0.3753171856978085, 1.0)",Dancer,ﺺﻗﺍﺭ-ﺔﺼﻗﺍﺭ
-0.235973911,1992,خادمة,خادم,-0.001374066,-0.237347977,خادمة-خادم,ﻡﺩﺎﺧ-ﺔﻣﺩﺎﺧ,"(0.913033448673587, 0.5462514417531718, 0.43237216455209526, 1.0)",Servant,ﻡﺩﺎﺧ-ﺔﻣﺩﺎﺧ
-0.223280099,1992,عاملة,عامل,0.1687979059380782,-0.392078005,عاملة-عامل,ﻞﻣﺎﻋ-ﺔﻠﻣﺎﻋ,"(0.926874279123414, 0.5780853517877739, 0.4568242983467896, 1.0)",Worker,ﻞﻣﺎﻋ-ﺔﻠﻣﺎﻋ
-0.215182967,1992,صحفية,صحفي,0.103548449,-0.318731416,صحفية-صحفي,ﻲﻔﺤﺻ-ﺔﻴﻔﺤﺻ,"(0.9361014994232987, 0.5993079584775085, 0.4731257208765858, 1.0)",Journalist,ﻲﻔﺤﺻ-ﺔﻴﻔﺤﺻ
-0.197967462,1992,مصورة,مصور,0.04084666,-0.238814122,مصورة-مصور,ﺭﻮﺼﻣ-ﺓﺭﻮﺼﻣ,"(0.9575547866205306, 0.6512110726643597, 0.515109573241061, 1.0)",Photographer,ﺭﻮﺼﻣ-ﺓﺭﻮﺼﻣ
-0.186221259,1992,ممثلة,ممثل,0.1579208721281028,-0.344142131,ممثلة-ممثل,ﻞﺜﻤﻣ-ﺔﻠﺜﻤﻣ,"(0.9617070357554787, 0.6761245674740484, 0.546943483275663, 1.0)",Actor,ﻞﺜﻤﻣ-ﺔﻠﺜﻤﻣ
-0.15500811,1992,سفيرة,سفير,0.075893701,-0.230901811,سفيرة-سفير,ﺮﻴﻔﺳ-ﺓﺮﻴﻔﺳ,"(0.9727797001153403, 0.7425605536332179, 0.631833910034602, 1.0)",Ambassador,ﺮﻴﻔﺳ-ﺓﺮﻴﻔﺳ
-0.151005096,1992,الصيدلانية,صيدلي,0.1466398601809315,-0.297644956,صيدلانية-صيدلي,ﻲﻟﺪﻴﺼﻟﺍ-ﺔﻴﻧﻻﺪﻴﺼﻟﺍ,"(0.9741637831603229, 0.7508650519031141, 0.6424452133794694, 1.0)",Pharmacist,ﻲﻟﺪﻴﺻ-ﺔﻴﻧﻻﺪﻴﺻ
-0.145157658,1992,مغنية,مغني,-0.029792101,-0.174949759,مغنية-مغني,ﻲﻨﻐﻣ-ﺔﻴﻨﻐﻣ,"(0.9755478662053056, 0.7591695501730102, 0.6530565167243365, 1.0)",Singer,ﻲﻨﻐﻣ-ﺔﻴﻨﻐﻣ
-0.096565807,1992,بائعة,بائع,0.016927426,-0.113493233,بائعة-بائع,ﻊﺋﺎﺑ-ﺔﻌﺋﺎﺑ,"(0.9912341407151096, 0.8631295655517108, 0.7877739331026529, 1.0)",Seller,ﻊﺋﺎﺑ-ﺔﻌﺋﺎﺑ
-0.075594009,1992,سكرتيرة,سكرتير,0.1489006126357624,-0.224494622,سكرتيرة-سكرتير,ﺮﻴﺗﺮﻜﺳ-ﺓﺮﻴﺗﺮﻜﺳ,"(0.9866205305651673, 0.8846597462514417, 0.8246828143021915, 1.0)",Secretary,ﺮﻴﺗﺮﻜﺳ-ﺓﺮﻴﺗﺮﻜﺳ
-0.257618433,1993,عاملة,عامل,0.1128022131268772,-0.370420646,عاملة-عامل,ﻞﻣﺎﻋ-ﺔﻠﻣﺎﻋ,"(0.8899653979238754, 0.493194925028835, 0.3916186082276047, 1.0)",Worker,ﻞﻣﺎﻋ-ﺔﻠﻣﺎﻋ
-0.190857652,1993,راقصة,راقص,-0.049805877,-0.240663529,راقصة-راقص,ﺺﻗﺍﺭ-ﺔﺼﻗﺍﺭ,"(0.960322952710496, 0.6678200692041522, 0.5363321799307956, 1.0)",Dancer,ﺺﻗﺍﺭ-ﺔﺼﻗﺍﺭ
-0.167575824,1993,سكرتيرة,سكرتير,0.039770604,-0.207346428,سكرتيرة-سكرتير,ﺮﻴﺗﺮﻜﺳ-ﺓﺮﻴﺗﺮﻜﺳ,"(0.9686274509803922, 0.7176470588235293, 0.5999999999999999, 1.0)",Secretary,ﺮﻴﺗﺮﻜﺳ-ﺓﺮﻴﺗﺮﻜﺳ
-0.153072627,1993,خادمة,خادم,0.1336668430669463,-0.28673947,خادمة-خادم,ﻡﺩﺎﺧ-ﺔﻣﺩﺎﺧ,"(0.9727797001153403, 0.7425605536332179, 0.631833910034602, 1.0)",Servant,ﻡﺩﺎﺧ-ﺔﻣﺩﺎﺧ
-0.133172831,1993,بائعة,بائع,-0.061338566,-0.194511397,بائعة-بائع,ﻊﺋﺎﺑ-ﺔﻌﺋﺎﺑ,"(0.9797001153402538, 0.7840830449826989, 0.6848904267589389, 1.0)",Seller,ﻊﺋﺎﺑ-ﺔﻌﺋﺎﺑ
-0.127222831,1993,صحفية,صحفي,0.055619563,-0.182842395,صحفية-صحفي,ﻲﻔﺤﺻ-ﺔﻴﻔﺤﺻ,"(0.9824682814302191, 0.8006920415224913, 0.7061130334486736, 1.0)",Journalist,ﻲﻔﺤﺻ-ﺔﻴﻔﺤﺻ
-0.085530866,1993,مغنية,مغني,0.064493969,0.1500248347581871,مغنية-مغني,ﻲﻨﻐﻣ-ﺔﻴﻨﻐﻣ,"(0.9884659746251442, 0.8760476739715493, 0.809919261822376, 1.0)",Singer,ﻲﻨﻐﻣ-ﺔﻴﻨﻐﻣ
-0.059662966,1993,سفيرة,سفير,0.039676851,-0.099339818,سفيرة-سفير,ﺮﻴﻔﺳ-ﺓﺮﻴﻔﺳ,"(0.9829296424452134, 0.9018838908112264, 0.8542099192618224, 1.0)",Ambassador,ﺮﻴﻔﺳ-ﺓﺮﻴﻔﺳ
-0.020572614,1993,الممرضة,ممرض,0.068862273,-0.089434887,ممرضة-ممرض,ﺽﺮﻤﻤﻟﺍ-ﺔﺿﺮﻤﻤﻟﺍ,"(0.9737024221453288, 0.9449442522106881, 0.9280276816608996, 1.0)",Nurse,ﺽﺮﻤﻣ-ﺔﺿﺮﻤﻣ
0.021872396,1993,ممثلة,ممثل,0.2168930030679218,-0.195020607,ممثلة-ممثل,ﻞﺜﻤﻣ-ﺔﻠﺜﻤﻣ,"(0.936485966935794, 0.9534025374855825, 0.9627066512879662, 1.0)",Actor,ﻞﺜﻤﻣ-ﺔﻠﺜﻤﻣ
0.034641449,1993,الصيدلانية,صيدلي,0.1657057246816577,-0.131064276,صيدلانية-صيدلي,ﻲﻟﺪﻴﺼﻟﺍ-ﺔﻴﻧﻻﺪﻴﺼﻟﺍ,"(0.9189542483660131, 0.9450980392156864, 0.9594771241830066, 1.0)",Pharmacist,ﻲﻟﺪﻴﺻ-ﺔﻴﻧﻻﺪﻴﺻ
0.046877686,1993,مصورة,مصور,0.1220755124724629,-0.075197827,مصورة-مصور,ﺭﻮﺼﻣ-ﺓﺭﻮﺼﻣ,"(0.8955786236063054, 0.9340253748558247, 0.9551710880430604, 1.0)",Photographer,ﺭﻮﺼﻣ-ﺓﺭﻮﺼﻣ
-0.282744172,1994,راقصة,راقص,0.082441771,0.3651859427314977,راقصة-راقص,ﺺﻗﺍﺭ-ﺔﺼﻗﺍﺭ,"(0.8576701268742791, 0.41891580161476355, 0.3345636293733179, 1.0)",Dancer,ﺺﻗﺍﺭ-ﺔﺼﻗﺍﺭ
-0.230200988,1994,صحفية,صحفي,-0.06775311,0.2979540980680386,صحفية-صحفي,ﻲﻔﺤﺻ-ﺔﻴﻔﺤﺻ,"(0.9222606689734717, 0.5674740484429065, 0.4486735870818915, 1.0)",Journalist,ﻲﻔﺤﺻ-ﺔﻴﻔﺤﺻ
-0.211754939,1994,عاملة,عامل,-0.202482014,0.4142369533105045,عاملة-عامل,ﻞﻣﺎﻋ-ﺔﻠﻣﺎﻋ,"(0.940715109573241, 0.6099192618223759, 0.4812764321414839, 1.0)",Worker,ﻞﻣﺎﻋ-ﺔﻠﻣﺎﻋ
-0.176208143,1994,ممرضة,ممرض,0.03934093,0.2155490724477163,ممرضة-ممرض,ﺽﺮﻤﻣ-ﺔﺿﺮﻤﻣ,"(0.9644752018454441, 0.6927335640138407, 0.5681660899653976, 1.0)",Nurse,ﺽﺮﻤﻣ-ﺔﺿﺮﻤﻣ
-0.171523995,1994,مصورة,مصور,-0.057531203,0.2290551973058333,مصورة-مصور,ﺭﻮﺼﻣ-ﺓﺭﻮﺼﻣ,"(0.9672433679354094, 0.7093425605536331, 0.5893886966551325, 1.0)",Photographer,ﺭﻮﺼﻣ-ﺓﺭﻮﺼﻣ
-0.154489057,1994,خادمة,خادم,-0.04027359,0.1947626467956997,خادمة-خادم,ﻡﺩﺎﺧ-ﺔﻣﺩﺎﺧ,"(0.9727797001153403, 0.7425605536332179, 0.631833910034602, 1.0)",Servant,ﻡﺩﺎﺧ-ﺔﻣﺩﺎﺧ
-0.135385455,1994,سكرتيرة,سكرتير,-0.073022294,0.2084077496685783,سكرتيرة-سكرتير,ﺮﻴﺗﺮﻜﺳ-ﺓﺮﻴﺗﺮﻜﺳ,"(0.9797001153402538, 0.7840830449826989, 0.6848904267589389, 1.0)",Secretary,ﺮﻴﺗﺮﻜﺳ-ﺓﺮﻴﺗﺮﻜﺳ
-0.07972619,1994,بائعة,بائع,-0.119656873,0.1993830626839583,بائعة-بائع,ﻊﺋﺎﺑ-ﺔﻌﺋﺎﺑ,"(0.9875432525951557, 0.8803537101114955, 0.8173010380622837, 1.0)",Seller,ﻊﺋﺎﺑ-ﺔﻌﺋﺎﺑ
-0.064991714,1994,ممثلة,ممثل,-0.156304897,0.2212966114205393,ممثلة-ممثل,ﻞﺜﻤﻣ-ﺔﻠﺜﻤﻣ,"(0.9838523644752019, 0.8975778546712803, 0.8468281430219147, 1.0)",Actor,ﻞﺜﻤﻣ-ﺔﻠﺜﻤﻣ
-0.011080354,1994,مغنية,مغني,0.037231007,-0.048311361,مغنية-مغني,ﻲﻨﻐﻣ-ﺔﻴﻨﻐﻣ,"(0.9709342560553633, 0.9578623606305268, 0.9501730103806229, 1.0)",Singer,ﻲﻨﻐﻣ-ﺔﻴﻨﻐﻣ
0.025272136,1994,سفيرة,سفير,-0.137314203,0.1120420673843527,سفيرة-سفير,ﺮﻴﻔﺳ-ﺓﺮﻴﻔﺳ,"(0.930642060745867, 0.9506343713956171, 0.9616301422529796, 1.0)",Ambassador,ﺮﻴﻔﺳ-ﺓﺮﻴﻔﺳ
-0.25763131,1995,راقصة,راقص,0.069175732,0.3268070421610906,راقصة-راقص,ﺺﻗﺍﺭ-ﺔﺼﻗﺍﺭ,"(0.8899653979238754, 0.493194925028835, 0.3916186082276047, 1.0)",Dancer,ﺺﻗﺍﺭ-ﺔﺼﻗﺍﺭ
-0.249146515,1995,صحفية,صحفي,-0.055258298,0.3044048123302159,صحفية-صحفي,ﻲﻔﺤﺻ-ﺔﻴﻔﺤﺻ,"(0.8991926182237601, 0.5144175317185697, 0.4079200307574009, 1.0)",Journalist,ﻲﻔﺤﺻ-ﺔﻴﻔﺤﺻ
-0.167743333,1995,بائعة,بائع,-0.00406706,0.1718103925279645,بائعة-بائع,ﻊﺋﺎﺑ-ﺔﻌﺋﺎﺑ,"(0.9686274509803922, 0.7176470588235293, 0.5999999999999999, 1.0)",Seller,ﻊﺋﺎﺑ-ﺔﻌﺋﺎﺑ
-0.135051278,1995,مصورة,مصور,-0.048308755,0.1833600336089043,مصورة-مصور,ﺭﻮﺼﻣ-ﺓﺭﻮﺼﻣ,"(0.9797001153402538, 0.7840830449826989, 0.6848904267589389, 1.0)",Photographer,ﺭﻮﺼﻣ-ﺓﺭﻮﺼﻣ
-0.123824852,1995,ممثلة,ممثل,-0.117201053,0.2410259053845506,ممثلة-ممثل,ﻞﺜﻤﻣ-ﺔﻠﺜﻤﻣ,"(0.9838523644752019, 0.8089965397923875, 0.7167243367935409, 1.0)",Actor,ﻞﺜﻤﻣ-ﺔﻠﺜﻤﻣ
-0.116357806,1995,سفيرة,سفير,-0.097166081,0.2135238873216615,سفيرة-سفير,ﺮﻴﻔﺳ-ﺓﺮﻴﻔﺳ,"(0.9866205305651673, 0.8256055363321797, 0.7379469434832755, 1.0)",Ambassador,ﺮﻴﻔﺳ-ﺓﺮﻴﻔﺳ
-0.099652801,1995,خادمة,خادم,-0.051395755,0.1510485567063862,خادمة-خادم,ﻡﺩﺎﺧ-ﺔﻣﺩﺎﺧ,"(0.9921568627450981, 0.8588235294117647, 0.7803921568627451, 1.0)",Servant,ﻡﺩﺎﺧ-ﺔﻣﺩﺎﺧ
-0.098587768,1995,ممرضة,ممرض,-0.01967471,0.1182624778192528,ممرضة-ممرض,ﺽﺮﻤﻣ-ﺔﺿﺮﻤﻣ,"(0.9921568627450981, 0.8588235294117647, 0.7803921568627451, 1.0)",Nurse,ﺽﺮﻤﻣ-ﺔﺿﺮﻤﻣ
-0.075161577,1995,سكرتيرة,سكرتير,-0.063906794,0.1390683707220024,سكرتيرة-سكرتير,ﺮﻴﺗﺮﻜﺳ-ﺓﺮﻴﺗﺮﻜﺳ,"(0.9866205305651673, 0.8846597462514417, 0.8246828143021915, 1.0)",Secretary,ﺮﻴﺗﺮﻜﺳ-ﺓﺮﻴﺗﺮﻜﺳ
-0.063325023,1995,عاملة,عامل,-0.212367224,0.2756922471426646,عاملة-عامل,ﻞﻣﺎﻋ-ﺔﻠﻣﺎﻋ,"(0.9838523644752019, 0.8975778546712803, 0.8468281430219147, 1.0)",Worker,ﻞﻣﺎﻋ-ﺔﻠﻣﺎﻋ
0.024541771,1995,مغنية,مغني,0.066685367,0.042143596,مغنية-مغني,ﻲﻨﻐﻣ-ﺔﻴﻨﻐﻣ,"(0.930642060745867, 0.9506343713956171, 0.9616301422529796, 1.0)",Singer,ﻲﻨﻐﻣ-ﺔﻴﻨﻐﻣ
-0.28141254,1996,راقصة,راقص,0.020007188,-0.301419728,راقصة-راقص,ﺺﻗﺍﺭ-ﺔﺼﻗﺍﺭ,"(0.8576701268742791, 0.41891580161476355, 0.3345636293733179, 1.0)",Dancer,ﺺﻗﺍﺭ-ﺔﺼﻗﺍﺭ
-0.197451454,1996,المغنية,مغني,-0.024898618,-0.222350071,مغنية-مغني,ﻲﻨﻐﻤﻟﺍ-ﺔﻴﻨﻐﻤﻟﺍ,"(0.9575547866205306, 0.6512110726643597, 0.515109573241061, 1.0)",Singer,ﻲﻨﻐﻣ-ﺔﻴﻨﻐﻣ
-0.193616341,1996,صحفية,صحفي,0.058487762,-0.252104103,صحفية-صحفي,ﻲﻔﺤﺻ-ﺔﻴﻔﺤﺻ,"(0.9589388696655133, 0.659515570934256, 0.5257208765859284, 1.0)",Journalist,ﻲﻔﺤﺻ-ﺔﻴﻔﺤﺻ
-0.164587287,1996,ممرضة,ممرض,0.037870643,-0.20245793,ممرضة-ممرض,ﺽﺮﻤﻣ-ﺔﺿﺮﻤﻣ,"(0.9686274509803922, 0.7176470588235293, 0.5999999999999999, 1.0)",Nurse,ﺽﺮﻤﻣ-ﺔﺿﺮﻤﻣ
-0.150860417,1996,خادمة,خادم,0.026522806,-0.177383223,خادمة-خادم,ﻡﺩﺎﺧ-ﺔﻣﺩﺎﺧ,"(0.9741637831603229, 0.7508650519031141, 0.6424452133794694, 1.0)",Servant,ﻡﺩﺎﺧ-ﺔﻣﺩﺎﺧ
-0.133112898,1996,مصورة,مصور,0.1309312501142787,-0.264044148,مصورة-مصور,ﺭﻮﺼﻣ-ﺓﺭﻮﺼﻣ,"(0.9797001153402538, 0.7840830449826989, 0.6848904267589389, 1.0)",Photographer,ﺭﻮﺼﻣ-ﺓﺭﻮﺼﻣ
-0.120431191,1996,عاملة,عامل,0.2062228464889353,-0.326654038,عاملة-عامل,ﻞﻣﺎﻋ-ﺔﻠﻣﺎﻋ,"(0.9852364475201846, 0.8173010380622837, 0.7273356401384083, 1.0)",Worker,ﻞﻣﺎﻋ-ﺔﻠﻣﺎﻋ
-0.104147812,1996,بائعة,بائع,-0.013609727,-0.117757539,بائعة-بائع,ﻊﺋﺎﺑ-ﺔﻌﺋﺎﺑ,"(0.9907727797001153, 0.8505190311418684, 0.7697808535178777, 1.0)",Seller,ﻊﺋﺎﺑ-ﺔﻌﺋﺎﺑ
-0.103361406,1996,سفيرة,سفير,0.091410421,-0.194771827,سفيرة-سفير,ﺮﻴﻔﺳ-ﺓﺮﻴﻔﺳ,"(0.9907727797001153, 0.8505190311418684, 0.7697808535178777, 1.0)",Ambassador,ﺮﻴﻔﺳ-ﺓﺮﻴﻔﺳ
0.010253078,1996,سكرتيرة,سكرتير,0.098536664,-0.088283586,سكرتيرة-سكرتير,ﺮﻴﺗﺮﻜﺳ-ﺓﺮﻴﺗﺮﻜﺳ,"(0.9540176855055748, 0.9617070357554787, 0.9659361783929258, 1.0)",Secretary,ﺮﻴﺗﺮﻜﺳ-ﺓﺮﻴﺗﺮﻜﺳ
0.02551744,1996,ممثلة,ممثل,0.2115002655312922,-0.185982825,ممثلة-ممثل,ﻞﺜﻤﻣ-ﺔﻠﺜﻤﻣ,"(0.930642060745867, 0.9506343713956171, 0.9616301422529796, 1.0)",Actor,ﻞﺜﻤﻣ-ﺔﻠﺜﻤﻣ
-0.185364726,1997,سفيرة,سفير,0.079980831,-0.265345557,سفيرة-سفير,ﺮﻴﻔﺳ-ﺓﺮﻴﻔﺳ,"(0.9617070357554787, 0.6761245674740484, 0.546943483275663, 1.0)",Ambassador,ﺮﻴﻔﺳ-ﺓﺮﻴﻔﺳ
-0.18419651,1997,صحفية,صحفي,0.017867776,-0.202064286,صحفية-صحفي,ﻲﻔﺤﺻ-ﺔﻴﻔﺤﺻ,"(0.9617070357554787, 0.6761245674740484, 0.546943483275663, 1.0)",Journalist,ﻲﻔﺤﺻ-ﺔﻴﻔﺤﺻ
-0.127155633,1997,سكرتيرة,سكرتير,0.020064236,-0.147219868,سكرتيرة-سكرتير,ﺮﻴﺗﺮﻜﺳ-ﺓﺮﻴﺗﺮﻜﺳ,"(0.9824682814302191, 0.8006920415224913, 0.7061130334486736, 1.0)",Secretary,ﺮﻴﺗﺮﻜﺳ-ﺓﺮﻴﺗﺮﻜﺳ
-0.123272985,1997,المغنية,مغني,0.015087271,-0.138360256,مغنية-مغني,ﻲﻨﻐﻤﻟﺍ-ﺔﻴﻨﻐﻤﻟﺍ,"(0.9838523644752019, 0.8089965397923875, 0.7167243367935409, 1.0)",Singer,ﻲﻨﻐﻣ-ﺔﻴﻨﻐﻣ
-0.120702315,1997,ممرضة,ممرض,0.1486020146000427,-0.269304329,ممرضة-ممرض,ﺽﺮﻤﻣ-ﺔﺿﺮﻤﻣ,"(0.9852364475201846, 0.8173010380622837, 0.7273356401384083, 1.0)",Nurse,ﺽﺮﻤﻣ-ﺔﺿﺮﻤﻣ
-0.114185517,1997,راقصة,راقص,0.1731824334185905,-0.28736795,راقصة-راقص,ﺺﻗﺍﺭ-ﺔﺼﻗﺍﺭ,"(0.9866205305651673, 0.8256055363321797, 0.7379469434832755, 1.0)",Dancer,ﺺﻗﺍﺭ-ﺔﺼﻗﺍﺭ
-0.059790974,1997,مصورة,مصور,0.099890211,-0.159681185,مصورة-مصور,ﺭﻮﺼﻣ-ﺓﺭﻮﺼﻣ,"(0.9829296424452134, 0.9018838908112264, 0.8542099192618224, 1.0)",Photographer,ﺭﻮﺼﻣ-ﺓﺭﻮﺼﻣ
-0.021097871,1997,خادمة,خادم,0.077352092,-0.098449963,خادمة-خادم,ﻡﺩﺎﺧ-ﺔﻣﺩﺎﺧ,"(0.9737024221453288, 0.9449442522106881, 0.9280276816608996, 1.0)",Servant,ﻡﺩﺎﺧ-ﺔﻣﺩﺎﺧ
0.009700614,1997,أستاذة,أستاذ,0.1876305817157695,-0.177929968,أستاذة-أستاذ,ﺫﺎﺘﺳﺃ-ﺓﺫﺎﺘﺳﺃ,"(0.9540176855055748, 0.9617070357554787, 0.9659361783929258, 1.0)",Professor,ﺫﺎﺘﺳﺃ-ﺓﺫﺎﺘﺳﺃ
0.04788206,1997,عاملة,عامل,0.2666728762811675,-0.218790817,عاملة-عامل,ﻞﻣﺎﻋ-ﺔﻠﻣﺎﻋ,"(0.8955786236063054, 0.9340253748558247, 0.9551710880430604, 1.0)",Worker,ﻞﻣﺎﻋ-ﺔﻠﻣﺎﻋ
0.056722863,1997,ممثلة,ممثل,0.2263873059669902,-0.169664443,ممثلة-ممثل,ﻞﺜﻤﻣ-ﺔﻠﺜﻤﻣ,"(0.8838908112264514, 0.9284890426758939, 0.9530180699730872, 1.0)",Actor,ﻞﺜﻤﻣ-ﺔﻠﺜﻤﻣ
0.079436755,1997,بائعة,بائع,0.08773257,-0.008295814,بائعة-بائع,ﻊﺋﺎﺑ-ﺔﻌﺋﺎﺑ,"(0.8488273740868899, 0.9118800461361016, 0.946559015763168, 1.0)",Seller,ﻊﺋﺎﺑ-ﺔﻌﺋﺎﺑ
-0.244482675,1998,راقصة,راقص,-0.090782644,0.3352653186440532,راقصة-راقص,ﺺﻗﺍﺭ-ﺔﺼﻗﺍﺭ,"(0.9038062283737024, 0.5250288350634371, 0.41607074202229904, 1.0)",Dancer,ﺺﻗﺍﺭ-ﺔﺼﻗﺍﺭ
-0.21121211,1998,سفيرة,سفير,-0.127046381,0.3382584905634436,سفيرة-سفير,ﺮﻴﻔﺳ-ﺓﺮﻴﻔﺳ,"(0.940715109573241, 0.6099192618223759, 0.4812764321414839, 1.0)",Ambassador,ﺮﻴﻔﺳ-ﺓﺮﻴﻔﺳ
-0.199590337,1998,ممرضة,ممرض,-0.069762765,0.269353102,ممرضة-ممرض,ﺽﺮﻤﻣ-ﺔﺿﺮﻤﻣ,"(0.954555940023068, 0.641753171856978, 0.5057285659361782, 1.0)",Nurse,ﺽﺮﻤﻣ-ﺔﺿﺮﻤﻣ
-0.157816128,1998,صحفية,صحفي,-0.138723218,0.2965393454292266,صحفية-صحفي,ﻲﻔﺤﺻ-ﺔﻴﻔﺤﺻ,"(0.9713956170703576, 0.7342560553633217, 0.6212226066897346, 1.0)",Journalist,ﻲﻔﺤﺻ-ﺔﻴﻔﺤﺻ
-0.051563232,1998,خادمة,خادم,0.069221905,0.1207851366818901,خادمة-خادم,ﻡﺩﺎﺧ-ﺔﻣﺩﺎﺧ,"(0.9810841983852365, 0.9104959630911187, 0.8689734717416377, 1.0)",Servant,ﻡﺩﺎﺧ-ﺔﻣﺩﺎﺧ
-0.045844931,1998,سكرتيرة,سكرتير,-0.052914019,0.09875895,سكرتيرة-سكرتير,ﺮﻴﺗﺮﻜﺳ-ﺓﺮﻴﺗﺮﻜﺳ,"(0.9792387543252595, 0.9191080353710112, 0.8837370242214533, 1.0)",Secretary,ﺮﻴﺗﺮﻜﺳ-ﺓﺮﻴﺗﺮﻜﺳ
-0.034217455,1998,عاملة,عامل,-0.210960262,0.2451777170399563,عاملة-عامل,ﻞﻣﺎﻋ-ﺔﻠﻣﺎﻋ,"(0.9764705882352941, 0.9320261437908497, 0.9058823529411765, 1.0)",Worker,ﻞﻣﺎﻋ-ﺔﻠﻣﺎﻋ
-0.016697229,1998,بائعة,بائع,0.071994728,0.088691957,بائعة-بائع,ﻊﺋﺎﺑ-ﺔﻌﺋﺎﺑ,"(0.9727797001153402, 0.9492502883506344, 0.9354094579008074, 1.0)",Seller,ﻊﺋﺎﺑ-ﺔﻌﺋﺎﺑ
0.000405763,1998,ممثلة,ممثل,-0.246091765,0.2456860023795597,ممثلة-ممثل,ﻞﺜﻤﻣ-ﺔﻠﺜﻤﻣ,"(0.9657054978854287, 0.9672433679354094, 0.9680891964628989, 1.0)",Actor,ﻞﺜﻤﻣ-ﺔﻠﺜﻤﻣ
0.024805456,1998,الصيدلانية,صيدلي,-0.195537866,0.1707324100652126,صيدلانية-صيدلي,ﻲﻟﺪﻴﺼﻟﺍ-ﺔﻴﻧﻻﺪﻴﺼﻟﺍ,"(0.930642060745867, 0.9506343713956171, 0.9616301422529796, 1.0)",Pharmacist,ﻲﻟﺪﻴﺻ-ﺔﻴﻧﻻﺪﻴﺻ
0.04998477,1998,مصورة,مصور,-0.215820014,0.1658352433020078,مصورة-مصور,ﺭﻮﺼﻣ-ﺓﺭﻮﺼﻣ,"(0.8955786236063054, 0.9340253748558247, 0.9551710880430604, 1.0)",Photographer,ﺭﻮﺼﻣ-ﺓﺭﻮﺼﻣ
0.1271806966359435,1998,مغنية,مغني,-0.187358935,0.060178238,مغنية-مغني,ﻲﻨﻐﻣ-ﺔﻴﻨﻐﻣ,"(0.7517877739331029, 0.8635909265667053, 0.9217993079584775, 1.0)",Singer,ﻲﻨﻐﻣ-ﺔﻴﻨﻐﻣ
-0.263682604,1999,صحفية,صحفي,-0.006175449,0.2698580530264755,صحفية-صحفي,ﻲﻔﺤﺻ-ﺔﻴﻔﺤﺻ,"(0.8807381776239908, 0.4719723183391003, 0.3753171856978085, 1.0)",Journalist,ﻲﻔﺤﺻ-ﺔﻴﻔﺤﺻ
-0.212144371,1999,ممرضة,ممرض,0.024843771,0.2369881420962898,ممرضة-ممرض,ﺽﺮﻤﻣ-ﺔﺿﺮﻤﻣ,"(0.940715109573241, 0.6099192618223759, 0.4812764321414839, 1.0)",Nurse,ﺽﺮﻤﻣ-ﺔﺿﺮﻤﻣ
-0.176792537,1999,سفيرة,سفير,-0.10562478,0.2824173160225292,سفيرة-سفير,ﺮﻴﻔﺳ-ﺓﺮﻴﻔﺳ,"(0.9644752018454441, 0.6927335640138407, 0.5681660899653976, 1.0)",Ambassador,ﺮﻴﻔﺳ-ﺓﺮﻴﻔﺳ
-0.130705576,1999,راقصة,راقص,-0.11371596,0.2444215356362358,راقصة-راقص,ﺺﻗﺍﺭ-ﺔﺼﻗﺍﺭ,"(0.9810841983852365, 0.7923875432525951, 0.6955017301038062, 1.0)",Dancer,ﺺﻗﺍﺭ-ﺔﺼﻗﺍﺭ
-0.083499083,1999,عاملة,عامل,-0.204606718,0.2881058014244012,عاملة-عامل,ﻞﻣﺎﻋ-ﺔﻠﻣﺎﻋ,"(0.9884659746251442, 0.8760476739715493, 0.809919261822376, 1.0)",Worker,ﻞﻣﺎﻋ-ﺔﻠﻣﺎﻋ
-0.08080506,1999,خادمة,خادم,0.014211361,0.09501642,خادمة-خادم,ﻡﺩﺎﺧ-ﺔﻣﺩﺎﺧ,"(0.9875432525951557, 0.8803537101114955, 0.8173010380622837, 1.0)",Servant,ﻡﺩﺎﺧ-ﺔﻣﺩﺎﺧ
-0.078706622,1999,مصورة,مصور,-0.149959075,0.228665697,مصورة-مصور,ﺭﻮﺼﻣ-ﺓﺭﻮﺼﻣ,"(0.9875432525951557, 0.8803537101114955, 0.8173010380622837, 1.0)",Photographer,ﺭﻮﺼﻣ-ﺓﺭﻮﺼﻣ
-0.074990766,1999,بائعة,بائع,-0.112359327,0.1873500922364573,بائعة-بائع,ﻊﺋﺎﺑ-ﺔﻌﺋﺎﺑ,"(0.9866205305651673, 0.8846597462514417, 0.8246828143021915, 1.0)",Seller,ﻊﺋﺎﺑ-ﺔﻌﺋﺎﺑ
-0.068350857,1999,مغنية,مغني,0.032305593,-0.10065645,مغنية-مغني,ﻲﻨﻐﻣ-ﺔﻴﻨﻐﻣ,"(0.9847750865051903, 0.8932718185313341, 0.8394463667820069, 1.0)",Singer,ﻲﻨﻐﻣ-ﺔﻴﻨﻐﻣ
0.00181287,1999,أستاذة,أستاذ,-0.180299498,0.1784866284581089,أستاذة-أستاذ,ﺫﺎﺘﺳﺃ-ﺓﺫﺎﺘﺳﺃ,"(0.9657054978854287, 0.9672433679354094, 0.9680891964628989, 1.0)",Professor,ﺫﺎﺘﺳﺃ-ﺓﺫﺎﺘﺳﺃ
0.004404418,1999,سكرتيرة,سكرتير,-0.145788052,0.141383634,سكرتيرة-سكرتير,ﺮﻴﺗﺮﻜﺳ-ﺓﺮﻴﺗﺮﻜﺳ,"(0.9598615916955018, 0.9644752018454441, 0.9670126874279124, 1.0)",Secretary,ﺮﻴﺗﺮﻜﺳ-ﺓﺮﻴﺗﺮﻜﺳ
0.068741377,1999,ممثلة,ممثل,-0.251332274,0.1825908977545104,ممثلة-ممثل,ﻞﺜﻤﻣ-ﺔﻠﺜﻤﻣ,"(0.8663590926566707, 0.9201845444059977, 0.9497885428681276, 1.0)",Actor,ﻞﺜﻤﻣ-ﺔﻠﺜﻤﻣ
-0.225630568,2000,راقصة,راقص,-0.0427301,0.268360668,راقصة-راقص,ﺺﻗﺍﺭ-ﺔﺼﻗﺍﺭ,"(0.926874279123414, 0.5780853517877739, 0.4568242983467896, 1.0)",Dancer,ﺺﻗﺍﺭ-ﺔﺼﻗﺍﺭ
-0.160121542,2000,ممرضة,ممرض,0.049061891,0.2091834335315927,ممرضة-ممرض,ﺽﺮﻤﻣ-ﺔﺿﺮﻤﻣ,"(0.9713956170703576, 0.7342560553633217, 0.6212226066897346, 1.0)",Nurse,ﺽﺮﻤﻣ-ﺔﺿﺮﻤﻣ
-0.108663692,2000,خادمة,خادم,-0.070341919,0.1790056109971164,خادمة-خادم,ﻡﺩﺎﺧ-ﺔﻣﺩﺎﺧ,"(0.9893886966551326, 0.8422145328719722, 0.7591695501730104, 1.0)",Servant,ﻡﺩﺎﺧ-ﺔﻣﺩﺎﺧ
-0.107530804,2000,صحفية,صحفي,-0.08731959,0.1948503937211877,صحفية-صحفي,ﻲﻔﺤﺻ-ﺔﻴﻔﺤﺻ,"(0.9893886966551326, 0.8422145328719722, 0.7591695501730104, 1.0)",Journalist,ﻲﻔﺤﺻ-ﺔﻴﻔﺤﺻ
-0.0667218,2000,سفيرة,سفير,-0.109506845,0.1762286455074703,سفيرة-سفير,ﺮﻴﻔﺳ-ﺓﺮﻴﻔﺳ,"(0.9847750865051903, 0.8932718185313341, 0.8394463667820069, 1.0)",Ambassador,ﺮﻴﻔﺳ-ﺓﺮﻴﻔﺳ
-0.058955403,2000,البائعة,بائع,-0.155737845,0.214693248,بائعة-بائع,ﻊﺋﺎﺒﻟﺍ-ﺔﻌﺋﺎﺒﻟﺍ,"(0.9829296424452134, 0.9018838908112264, 0.8542099192618224, 1.0)",Seller,ﻊﺋﺎﺑ-ﺔﻌﺋﺎﺑ
-0.03996843,2000,سكرتيرة,سكرتير,-0.157530209,0.1974986391506384,سكرتيرة-سكرتير,ﺮﻴﺗﺮﻜﺳ-ﺓﺮﻴﺗﺮﻜﺳ,"(0.9783160322952711, 0.9234140715109573, 0.891118800461361, 1.0)",Secretary,ﺮﻴﺗﺮﻜﺳ-ﺓﺮﻴﺗﺮﻜﺳ
-0.033999015,2000,ممثلة,ممثل,-0.21301471,0.2470137251273761,ممثلة-ممثل,ﻞﺜﻤﻣ-ﺔﻠﺜﻤﻣ,"(0.9764705882352941, 0.9320261437908497, 0.9058823529411765, 1.0)",Actor,ﻞﺜﻤﻣ-ﺔﻠﺜﻤﻣ
-0.031801976,2000,مصورة,مصور,-0.217376408,0.2491783846743859,مصورة-مصور,ﺭﻮﺼﻣ-ﺓﺭﻮﺼﻣ,"(0.9764705882352941, 0.9320261437908497, 0.9058823529411765, 1.0)",Photographer,ﺭﻮﺼﻣ-ﺓﺭﻮﺼﻣ
-0.030311147,2000,عاملة,عامل,-0.23477989,0.2650910366995932,عاملة-عامل,ﻞﻣﺎﻋ-ﺔﻠﻣﺎﻋ,"(0.9755478662053056, 0.9363321799307959, 0.9132641291810842, 1.0)",Worker,ﻞﻣﺎﻋ-ﺔﻠﻣﺎﻋ
-0.008347581,2000,مغنية,مغني,0.019077642,-0.027425223,مغنية-مغني,ﻲﻨﻐﻣ-ﺔﻴﻨﻐﻣ,"(0.9709342560553633, 0.9578623606305268, 0.9501730103806229, 1.0)",Singer,ﻲﻨﻐﻣ-ﺔﻴﻨﻐﻣ
-0.274948287,2001,راقصة,راقص,-0.005463598,0.2804118854123121,راقصة-راقص,ﺺﻗﺍﺭ-ﺔﺼﻗﺍﺭ,"(0.8668973471741638, 0.44013840830449813, 0.35086505190311407, 1.0)",Dancer,ﺺﻗﺍﺭ-ﺔﺼﻗﺍﺭ
-0.203445825,2001,بائعة,بائع,-0.012703306,0.216149131,بائعة-بائع,ﻊﺋﺎﺑ-ﺔﻌﺋﺎﺑ,"(0.9499423298731257, 0.6311418685121106, 0.49757785467128013, 1.0)",Seller,ﻊﺋﺎﺑ-ﺔﻌﺋﺎﺑ
-0.201490242,2001,سفيرة,سفير,-0.060065502,0.2615557432975145,سفيرة-سفير,ﺮﻴﻔﺳ-ﺓﺮﻴﻔﺳ,"(0.954555940023068, 0.641753171856978, 0.5057285659361782, 1.0)",Ambassador,ﺮﻴﻔﺳ-ﺓﺮﻴﻔﺳ
-0.18093803,2001,ممرضة,ممرض,0.013910804,0.1948488343353118,ممرضة-ممرض,ﺽﺮﻤﻣ-ﺔﺿﺮﻤﻣ,"(0.9630911188004614, 0.6844290657439446, 0.5575547866205304, 1.0)",Nurse,ﺽﺮﻤﻣ-ﺔﺿﺮﻤﻣ
-0.127970766,2001,خادمة,خادم,-0.048881897,0.1768526638274595,خادمة-خادم,ﻡﺩﺎﺧ-ﺔﻣﺩﺎﺧ,"(0.9824682814302191, 0.8006920415224913, 0.7061130334486736, 1.0)",Servant,ﻡﺩﺎﺧ-ﺔﻣﺩﺎﺧ
-0.095058003,2001,صحفية,صحفي,-0.15662142,0.2516794231343308,صحفية-صحفي,ﻲﻔﺤﺻ-ﺔﻴﻔﺤﺻ,"(0.9912341407151096, 0.8631295655517108, 0.7877739331026529, 1.0)",Journalist,ﻲﻔﺤﺻ-ﺔﻴﻔﺤﺻ
-0.055056934,2001,ممثلة,ممثل,-0.167972053,0.2230289875278311,ممثلة-ممثل,ﻞﺜﻤﻣ-ﺔﻠﺜﻤﻣ,"(0.982006920415225, 0.9061899269511726, 0.8615916955017301, 1.0)",Actor,ﻞﺜﻤﻣ-ﺔﻠﺜﻤﻣ
-0.051846733,2001,مصورة,مصور,-0.171407948,0.22325468,مصورة-مصور,ﺭﻮﺼﻣ-ﺓﺭﻮﺼﻣ,"(0.9810841983852365, 0.9104959630911187, 0.8689734717416377, 1.0)",Photographer,ﺭﻮﺼﻣ-ﺓﺭﻮﺼﻣ
-0.044435438,2001,سكرتيرة,سكرتير,-0.086800972,0.1312364098434595,سكرتيرة-سكرتير,ﺮﻴﺗﺮﻜﺳ-ﺓﺮﻴﺗﺮﻜﺳ,"(0.9792387543252595, 0.9191080353710112, 0.8837370242214533, 1.0)",Secretary,ﺮﻴﺗﺮﻜﺳ-ﺓﺮﻴﺗﺮﻜﺳ
-0.044130244,2001,عاملة,عامل,-0.243160615,0.2872908586759311,عاملة-عامل,ﻞﻣﺎﻋ-ﺔﻠﻣﺎﻋ,"(0.9792387543252595, 0.9191080353710112, 0.8837370242214533, 1.0)",Worker,ﻞﻣﺎﻋ-ﺔﻠﻣﺎﻋ
-0.007552719,2001,مغنية,مغني,-0.004843625,0.012396344,مغنية-مغني,ﻲﻨﻐﻣ-ﺔﻴﻨﻐﻣ,"(0.9700115340253749, 0.9621683967704728, 0.9575547866205305, 1.0)",Singer,ﻲﻨﻐﻣ-ﺔﻴﻨﻐﻣ
0.049712161,2001,الأستاذة,أستاذ,-0.156766145,0.1070539835694689,أستاذة-أستاذ,ﺫﺎﺘﺳﻷﺍ-ﺓﺫﺎﺘﺳﻷﺍ,"(0.8955786236063054, 0.9340253748558247, 0.9551710880430604, 1.0)",Professor,ﺫﺎﺘﺳﺃ-ﺓﺫﺎﺘﺳﺃ
-0.172707353,2002,راقصة,راقص,0.079403202,-0.252110555,راقصة-راقص,ﺺﻗﺍﺭ-ﺔﺼﻗﺍﺭ,"(0.9658592848904268, 0.701038062283737, 0.5787773933102651, 1.0)",Dancer,ﺺﻗﺍﺭ-ﺔﺼﻗﺍﺭ
-0.13364965,2002,عاملة,عامل,0.2409642649535773,-0.374613915,عاملة-عامل,ﻞﻣﺎﻋ-ﺔﻠﻣﺎﻋ,"(0.9797001153402538, 0.7840830449826989, 0.6848904267589389, 1.0)",Worker,ﻞﻣﺎﻋ-ﺔﻠﻣﺎﻋ
-0.128303234,2002,بائعة,بائع,0.076852702,-0.205155936,بائعة-بائع,ﻊﺋﺎﺑ-ﺔﻌﺋﺎﺑ,"(0.9824682814302191, 0.8006920415224913, 0.7061130334486736, 1.0)",Seller,ﻊﺋﺎﺑ-ﺔﻌﺋﺎﺑ
-0.11537149,2002,ممرضة,ممرض,-0.148069827,-0.263441317,ممرضة-ممرض,ﺽﺮﻤﻣ-ﺔﺿﺮﻤﻣ,"(0.9866205305651673, 0.8256055363321797, 0.7379469434832755, 1.0)",Nurse,ﺽﺮﻤﻣ-ﺔﺿﺮﻤﻣ
-0.112016624,2002,مصورة,مصور,0.1910579151183684,-0.30307454,مصورة-مصور,ﺭﻮﺼﻣ-ﺓﺭﻮﺼﻣ,"(0.98800461361015, 0.833910034602076, 0.748558246828143, 1.0)",Photographer,ﺭﻮﺼﻣ-ﺓﺭﻮﺼﻣ
-0.098845933,2002,خادمة,خادم,0.045705643,-0.144551577,خادمة-خادم,ﻡﺩﺎﺧ-ﺔﻣﺩﺎﺧ,"(0.9921568627450981, 0.8588235294117647, 0.7803921568627451, 1.0)",Servant,ﻡﺩﺎﺧ-ﺔﻣﺩﺎﺧ
-0.092846354,2002,مغنية,مغني,0.033187035,0.1260333893496154,مغنية-مغني,ﻲﻨﻐﻣ-ﺔﻴﻨﻐﻣ,"(0.9903114186851212, 0.867435601691657, 0.7951557093425605, 1.0)",Singer,ﻲﻨﻐﻣ-ﺔﻴﻨﻐﻣ
-0.091444548,2002,الصيدلانية,صيدلي,0.1588024679884641,-0.250247016,صيدلانية-صيدلي,ﻲﻟﺪﻴﺼﻟﺍ-ﺔﻴﻧﻻﺪﻴﺼﻟﺍ,"(0.9903114186851212, 0.867435601691657, 0.7951557093425605, 1.0)",Pharmacist,ﻲﻟﺪﻴﺻ-ﺔﻴﻧﻻﺪﻴﺻ
-0.073293339,2002,أستاذة,أستاذ,0.1279140363067348,-0.201207375,أستاذة-أستاذ,ﺫﺎﺘﺳﺃ-ﺓﺫﺎﺘﺳﺃ,"(0.9856978085351787, 0.8889657823913879, 0.8320645905420992, 1.0)",Professor,ﺫﺎﺘﺳﺃ-ﺓﺫﺎﺘﺳﺃ
-0.02835375,2002,ممثلة,ممثل,0.2005205610232003,-0.228874311,ممثلة-ممثل,ﻞﺜﻤﻣ-ﺔﻠﺜﻤﻣ,"(0.9755478662053056, 0.9363321799307959, 0.9132641291810842, 1.0)",Actor,ﻞﺜﻤﻣ-ﺔﻠﺜﻤﻣ
-0.019915282,2002,سفيرة,سفير,0.1057002944061463,-0.125615577,سفيرة-سفير,ﺮﻴﻔﺳ-ﺓﺮﻴﻔﺳ,"(0.9737024221453288, 0.9449442522106881, 0.9280276816608996, 1.0)",Ambassador,ﺮﻴﻔﺳ-ﺓﺮﻴﻔﺳ
-0.01295539,2002,سكرتيرة,سكرتير,0.2352440400563287,-0.24819943,سكرتيرة-سكرتير,ﺮﻴﺗﺮﻜﺳ-ﺓﺮﻴﺗﺮﻜﺳ,"(0.9718569780853518, 0.9535563244905806, 0.9427912341407151, 1.0)",Secretary,ﺮﻴﺗﺮﻜﺳ-ﺓﺮﻴﺗﺮﻜﺳ
0.1144921308694735,2002,صحفية,صحفي,0.2678496892508501,-0.153357558,صحفية-صحفي,ﻲﻔﺤﺻ-ﺔﻴﻔﺤﺻ,"(0.7808535178777396, 0.8783544790465208, 0.9301038062283737, 1.0)",Journalist,ﻲﻔﺤﺻ-ﺔﻴﻔﺤﺻ
-0.282181306,2003,سكرتيرة,سكرتير,0.003070482,-0.285251788,سكرتيرة-سكرتير,ﺮﻴﺗﺮﻜﺳ-ﺓﺮﻴﺗﺮﻜﺳ,"(0.8576701268742791, 0.41891580161476355, 0.3345636293733179, 1.0)",Secretary,ﺮﻴﺗﺮﻜﺳ-ﺓﺮﻴﺗﺮﻜﺳ
-0.212778739,2003,عاملة,عامل,0.1687257970223608,-0.381504536,عاملة-عامل,ﻞﻣﺎﻋ-ﺔﻠﻣﺎﻋ,"(0.940715109573241, 0.6099192618223759, 0.4812764321414839, 1.0)",Worker,ﻞﻣﺎﻋ-ﺔﻠﻣﺎﻋ
-0.204825407,2003,راقصة,راقص,0.052839277,-0.257664685,راقصة-راقص,ﺺﻗﺍﺭ-ﺔﺼﻗﺍﺭ,"(0.9499423298731257, 0.6311418685121106, 0.49757785467128013, 1.0)",Dancer,ﺺﻗﺍﺭ-ﺔﺼﻗﺍﺭ
-0.151640932,2003,سفيرة,سفير,0.044699134,-0.196340066,سفيرة-سفير,ﺮﻴﻔﺳ-ﺓﺮﻴﻔﺳ,"(0.9741637831603229, 0.7508650519031141, 0.6424452133794694, 1.0)",Ambassador,ﺮﻴﻔﺳ-ﺓﺮﻴﻔﺳ
-0.090085311,2003,صحفية,صحفي,0.1032101591765316,-0.19329547,صحفية-صحفي,ﻲﻔﺤﺻ-ﺔﻴﻔﺤﺻ,"(0.9903114186851212, 0.867435601691657, 0.7951557093425605, 1.0)",Journalist,ﻲﻔﺤﺻ-ﺔﻴﻔﺤﺻ
-0.057729574,2003,مصورة,مصور,0.197318861,-0.255048435,مصورة-مصور,ﺭﻮﺼﻣ-ﺓﺭﻮﺼﻣ,"(0.982006920415225, 0.9061899269511726, 0.8615916955017301, 1.0)",Photographer,ﺭﻮﺼﻣ-ﺓﺭﻮﺼﻣ
-0.012289916,2003,مغنية,مغني,0.046958596,0.059248511,مغنية-مغني,ﻲﻨﻐﻣ-ﺔﻴﻨﻐﻣ,"(0.9718569780853518, 0.9535563244905806, 0.9427912341407151, 1.0)",Singer,ﻲﻨﻐﻣ-ﺔﻴﻨﻐﻣ
-0.007184338,2003,ممثلة,ممثل,0.2108703511536605,-0.218054689,ممثلة-ممثل,ﻞﺜﻤﻣ-ﺔﻠﺜﻤﻣ,"(0.9700115340253749, 0.9621683967704728, 0.9575547866205305, 1.0)",Actor,ﻞﺜﻤﻣ-ﺔﻠﺜﻤﻣ
-0.004887269,2003,أستاذة,أستاذ,0.2233716987595383,-0.228258968,أستاذة-أستاذ,ﺫﺎﺘﺳﺃ-ﺓﺫﺎﺘﺳﺃ,"(0.9700115340253749, 0.9621683967704728, 0.9575547866205305, 1.0)",Professor,ﺫﺎﺘﺳﺃ-ﺓﺫﺎﺘﺳﺃ
0.066993771,2003,بائعة,بائع,0.1652986569110053,-0.098304886,بائعة-بائع,ﻊﺋﺎﺑ-ﺔﻌﺋﺎﺑ,"(0.8663590926566707, 0.9201845444059977, 0.9497885428681276, 1.0)",Seller,ﻊﺋﺎﺑ-ﺔﻌﺋﺎﺑ
0.1334888553039322,2003,خادمة,خادم,0.2374942128606335,-0.104005358,خادمة-خادم,ﻡﺩﺎﺧ-ﺔﻣﺩﺎﺧ,"(0.7324106113033451, 0.8537485582468283, 0.9162629757785468, 1.0)",Servant,ﻡﺩﺎﺧ-ﺔﻣﺩﺎﺧ
-0.26109622,2004,عاملة,عامل,-0.126645149,0.3877413697841225,عاملة-عامل,ﻞﻣﺎﻋ-ﺔﻠﻣﺎﻋ,"(0.8853517877739331, 0.48258362168396757, 0.38346789696270656, 1.0)",Worker,ﻞﻣﺎﻋ-ﺔﻠﻣﺎﻋ
-0.254532862,2004,راقصة,راقص,-0.045396623,0.2999294843838758,راقصة-راقص,ﺺﻗﺍﺭ-ﺔﺼﻗﺍﺭ,"(0.8899653979238754, 0.493194925028835, 0.3916186082276047, 1.0)",Dancer,ﺺﻗﺍﺭ-ﺔﺼﻗﺍﺭ
-0.158439797,2004,أستاذة,أستاذ,-0.152723911,0.3111637083282057,أستاذة-أستاذ,ﺫﺎﺘﺳﺃ-ﺓﺫﺎﺘﺳﺃ,"(0.9713956170703576, 0.7342560553633217, 0.6212226066897346, 1.0)",Professor,ﺫﺎﺘﺳﺃ-ﺓﺫﺎﺘﺳﺃ
-0.12369363,2004,مغنية,مغني,-0.055984853,0.179678482,مغنية-مغني,ﻲﻨﻐﻣ-ﺔﻴﻨﻐﻣ,"(0.9838523644752019, 0.8089965397923875, 0.7167243367935409, 1.0)",Singer,ﻲﻨﻐﻣ-ﺔﻴﻨﻐﻣ
-0.114175878,2004,صحفية,صحفي,-0.180714433,0.2948903109247285,صحفية-صحفي,ﻲﻔﺤﺻ-ﺔﻴﻔﺤﺻ,"(0.9866205305651673, 0.8256055363321797, 0.7379469434832755, 1.0)",Journalist,ﻲﻔﺤﺻ-ﺔﻴﻔﺤﺻ
-0.094364473,2004,ممرضة,ممرض,-0.111090209,0.2054546822326383,ممرضة-ممرض,ﺽﺮﻤﻣ-ﺔﺿﺮﻤﻣ,"(0.9912341407151096, 0.8631295655517108, 0.7877739331026529, 1.0)",Nurse,ﺽﺮﻤﻣ-ﺔﺿﺮﻤﻣ
-0.076834713,2004,خادمة,خادم,-0.066691644,0.1435263562337638,خادمة-خادم,ﻡﺩﺎﺧ-ﺔﻣﺩﺎﺧ,"(0.9866205305651673, 0.8846597462514417, 0.8246828143021915, 1.0)",Servant,ﻡﺩﺎﺧ-ﺔﻣﺩﺎﺧ
-0.038305644,2004,مصورة,مصور,-0.233347976,0.2716536193575231,مصورة-مصور,ﺭﻮﺼﻣ-ﺓﺭﻮﺼﻣ,"(0.9773933102652826, 0.9277201076509035, 0.8985005767012687, 1.0)",Photographer,ﺭﻮﺼﻣ-ﺓﺭﻮﺼﻣ
-0.015432705,2004,سكرتيرة,سكرتير,-0.169446905,0.18487961,سكرتيرة-سكرتير,ﺮﻴﺗﺮﻜﺳ-ﺓﺮﻴﺗﺮﻜﺳ,"(0.9718569780853518, 0.9535563244905806, 0.9427912341407151, 1.0)",Secretary,ﺮﻴﺗﺮﻜﺳ-ﺓﺮﻴﺗﺮﻜﺳ
0.008869058,2004,ممثلة,ممثل,-0.224076858,0.215207801,ممثلة-ممثل,ﻞﺜﻤﻣ-ﺔﻠﺜﻤﻣ,"(0.9540176855055748, 0.9617070357554787, 0.9659361783929258, 1.0)",Actor,ﻞﺜﻤﻣ-ﺔﻠﺜﻤﻣ
0.037504439,2004,سفيرة,سفير,-0.144170532,0.1066660925991706,سفيرة-سفير,ﺮﻴﻔﺳ-ﺓﺮﻴﻔﺳ,"(0.9131103421760862, 0.9423298731257209, 0.95840061514802, 1.0)",Ambassador,ﺮﻴﻔﺳ-ﺓﺮﻴﻔﺳ
0.065700108,2004,بائعة,بائع,-0.101228467,0.035528359,بائعة-بائع,ﻊﺋﺎﺑ-ﺔﻌﺋﺎﺑ,"(0.8722029988465976, 0.9229527104959632, 0.9508650519031142, 1.0)",Seller,ﻊﺋﺎﺑ-ﺔﻌﺋﺎﺑ
-0.276469736,2005,راقصة,راقص,-0.047999165,0.3244689009915018,راقصة-راقص,ﺺﻗﺍﺭ-ﺔﺼﻗﺍﺭ,"(0.8668973471741638, 0.44013840830449813, 0.35086505190311407, 1.0)",Dancer,ﺺﻗﺍﺭ-ﺔﺼﻗﺍﺭ
-0.231764662,2005,ممرضة,ممرض,0.1791281872056238,0.4108928488755984,ممرضة-ممرض,ﺽﺮﻤﻣ-ﺔﺿﺮﻤﻣ,"(0.9176470588235294, 0.5568627450980391, 0.44052287581699334, 1.0)",Nurse,ﺽﺮﻤﻣ-ﺔﺿﺮﻤﻣ
-0.156575315,2005,عاملة,عامل,-0.228894237,0.3854695520814209,عاملة-عامل,ﻞﻣﺎﻋ-ﺔﻠﻣﺎﻋ,"(0.9713956170703576, 0.7342560553633217, 0.6212226066897346, 1.0)",Worker,ﻞﻣﺎﻋ-ﺔﻠﻣﺎﻋ
-0.143028346,2005,سكرتيرة,سكرتير,-0.213361771,0.3563901163980701,سكرتيرة-سكرتير,ﺮﻴﺗﺮﻜﺳ-ﺓﺮﻴﺗﺮﻜﺳ,"(0.9769319492502884, 0.7674740484429066, 0.6636678200692041, 1.0)",Secretary,ﺮﻴﺗﺮﻜﺳ-ﺓﺮﻴﺗﺮﻜﺳ
-0.13567209,2005,بائعة,بائع,-0.136034036,0.2717061265563234,بائعة-بائع,ﻊﺋﺎﺑ-ﺔﻌﺋﺎﺑ,"(0.9797001153402538, 0.7840830449826989, 0.6848904267589389, 1.0)",Seller,ﻊﺋﺎﺑ-ﺔﻌﺋﺎﺑ
-0.132773798,2005,صحفية,صحفي,-0.166111729,0.2988855264211743,صحفية-صحفي,ﻲﻔﺤﺻ-ﺔﻴﻔﺤﺻ,"(0.9810841983852365, 0.7923875432525951, 0.6955017301038062, 1.0)",Journalist,ﻲﻔﺤﺻ-ﺔﻴﻔﺤﺻ
-0.130886208,2005,مصورة,مصور,-0.112300955,0.2431871635974604,مصورة-مصور,ﺭﻮﺼﻣ-ﺓﺭﻮﺼﻣ,"(0.9810841983852365, 0.7923875432525951, 0.6955017301038062, 1.0)",Photographer,ﺭﻮﺼﻣ-ﺓﺭﻮﺼﻣ
-0.065461914,2005,ممثلة,ممثل,-0.191895372,0.2573572856660843,ممثلة-ممثل,ﻞﺜﻤﻣ-ﺔﻠﺜﻤﻣ,"(0.9838523644752019, 0.8975778546712803, 0.8468281430219147, 1.0)",Actor,ﻞﺜﻤﻣ-ﺔﻠﺜﻤﻣ
-0.049494834,2005,سفيرة,سفير,-0.131614257,0.1811090912336177,سفيرة-سفير,ﺮﻴﻔﺳ-ﺓﺮﻴﻔﺳ,"(0.980161476355248, 0.914801999231065, 0.8763552479815455, 1.0)",Ambassador,ﺮﻴﻔﺳ-ﺓﺮﻴﻔﺳ
-0.040608175,2005,الصيدلانية,صيدلي,-0.177139099,0.2177472739316139,صيدلانية-صيدلي,ﻲﻟﺪﻴﺼﻟﺍ-ﺔﻴﻧﻻﺪﻴﺼﻟﺍ,"(0.9783160322952711, 0.9234140715109573, 0.891118800461361, 1.0)",Pharmacist,ﻲﻟﺪﻴﺻ-ﺔﻴﻧﻻﺪﻴﺻ
-0.027542481,2005,أستاذة,أستاذ,-0.14224541,0.1697878913991849,أستاذة-أستاذ,ﺫﺎﺘﺳﺃ-ﺓﺫﺎﺘﺳﺃ,"(0.9755478662053056, 0.9363321799307959, 0.9132641291810842, 1.0)",Professor,ﺫﺎﺘﺳﺃ-ﺓﺫﺎﺘﺳﺃ
0.081284196,2005,مغنية,مغني,-0.088043492,0.006759296,مغنية-مغني,ﻲﻨﻐﻣ-ﺔﻴﻨﻐﻣ,"(0.8488273740868899, 0.9118800461361016, 0.946559015763168, 1.0)",Singer,ﻲﻨﻐﻣ-ﺔﻴﻨﻐﻣ
0.1659584065980343,2005,خادمة,خادم,-0.286475171,0.1205167643143887,خادمة-خادم,ﻡﺩﺎﺧ-ﺔﻣﺩﺎﺧ,"(0.654901960784314, 0.8143790849673205, 0.8941176470588236, 1.0)",Servant,ﻡﺩﺎﺧ-ﺔﻣﺩﺎﺧ
-0.263783835,2006,مصورة,مصور,0.069480755,-0.33326459,مصورة-مصور,ﺭﻮﺼﻣ-ﺓﺭﻮﺼﻣ,"(0.8807381776239908, 0.4719723183391003, 0.3753171856978085, 1.0)",Photographer,ﺭﻮﺼﻣ-ﺓﺭﻮﺼﻣ
-0.233296158,2006,سكرتيرة,سكرتير,0.059774807,-0.293070965,سكرتيرة-سكرتير,ﺮﻴﺗﺮﻜﺳ-ﺓﺮﻴﺗﺮﻜﺳ,"(0.9176470588235294, 0.5568627450980391, 0.44052287581699334, 1.0)",Secretary,ﺮﻴﺗﺮﻜﺳ-ﺓﺮﻴﺗﺮﻜﺳ
-0.21616808,2006,راقصة,راقص,-0.028058214,-0.244226295,راقصة-راقص,ﺺﻗﺍﺭ-ﺔﺼﻗﺍﺭ,"(0.9361014994232987, 0.5993079584775085, 0.4731257208765858, 1.0)",Dancer,ﺺﻗﺍﺭ-ﺔﺼﻗﺍﺭ
-0.185734932,2006,عاملة,عامل,0.1968477138749863,-0.382582646,عاملة-عامل,ﻞﻣﺎﻋ-ﺔﻠﻣﺎﻋ,"(0.9617070357554787, 0.6761245674740484, 0.546943483275663, 1.0)",Worker,ﻞﻣﺎﻋ-ﺔﻠﻣﺎﻋ
-0.160632061,2006,سفيرة,سفير,0.044841201,-0.205473263,سفيرة-سفير,ﺮﻴﻔﺳ-ﺓﺮﻴﻔﺳ,"(0.9700115340253749, 0.7259515570934255, 0.6106113033448672, 1.0)",Ambassador,ﺮﻴﻔﺳ-ﺓﺮﻴﻔﺳ
-0.148835465,2006,بائعة,بائع,0.061989721,-0.210825186,بائعة-بائع,ﻊﺋﺎﺑ-ﺔﻌﺋﺎﺑ,"(0.9741637831603229, 0.7508650519031141, 0.6424452133794694, 1.0)",Seller,ﻊﺋﺎﺑ-ﺔﻌﺋﺎﺑ
-0.127932773,2006,صحفية,صحفي,0.1217946414071973,-0.249727414,صحفية-صحفي,ﻲﻔﺤﺻ-ﺔﻴﻔﺤﺻ,"(0.9824682814302191, 0.8006920415224913, 0.7061130334486736, 1.0)",Journalist,ﻲﻔﺤﺻ-ﺔﻴﻔﺤﺻ
-0.081137723,2006,أستاذة,أستاذ,0.1082997275623151,-0.18943745,أستاذة-أستاذ,ﺫﺎﺘﺳﺃ-ﺓﺫﺎﺘﺳﺃ,"(0.9875432525951557, 0.8803537101114955, 0.8173010380622837, 1.0)",Professor,ﺫﺎﺘﺳﺃ-ﺓﺫﺎﺘﺳﺃ
-0.073227551,2006,خادمة,خادم,0.076273746,-0.149501297,خادمة-خادم,ﻡﺩﺎﺧ-ﺔﻣﺩﺎﺧ,"(0.9856978085351787, 0.8889657823913879, 0.8320645905420992, 1.0)",Servant,ﻡﺩﺎﺧ-ﺔﻣﺩﺎﺧ
-0.040265177,2006,ممثلة,ممثل,0.1651823980381978,-0.205447575,ممثلة-ممثل,ﻞﺜﻤﻣ-ﺔﻠﺜﻤﻣ,"(0.9783160322952711, 0.9234140715109573, 0.891118800461361, 1.0)",Actor,ﻞﺜﻤﻣ-ﺔﻠﺜﻤﻣ
0.068059943,2006,مغنية,مغني,-0.083652407,0.015592464,مغنية-مغني,ﻲﻨﻐﻣ-ﺔﻴﻨﻐﻣ,"(0.8663590926566707, 0.9201845444059977, 0.9497885428681276, 1.0)",Singer,ﻲﻨﻐﻣ-ﺔﻴﻨﻐﻣ
-0.331216619,2007,راقصة,راقص,0.021440925,-0.352657545,راقصة-راقص,ﺺﻗﺍﺭ-ﺔﺼﻗﺍﺭ,"(0.7949250288350634, 0.28788927335640135, 0.26013071895424833, 1.0)",Dancer,ﺺﻗﺍﺭ-ﺔﺼﻗﺍﺭ
-0.210633224,2007,عاملة,عامل,0.1600904002853292,-0.370723624,عاملة-عامل,ﻞﻣﺎﻋ-ﺔﻠﻣﺎﻋ,"(0.9453287197231833, 0.6205305651672431, 0.48942714340638194, 1.0)",Worker,ﻞﻣﺎﻋ-ﺔﻠﻣﺎﻋ
-0.153529057,2007,مصورة,مصور,0.094814973,-0.24834403,مصورة-مصور,ﺭﻮﺼﻣ-ﺓﺭﻮﺼﻣ,"(0.9727797001153403, 0.7425605536332179, 0.631833910034602, 1.0)",Photographer,ﺭﻮﺼﻣ-ﺓﺭﻮﺼﻣ
-0.149367228,2007,خادمة,خادم,0.094603583,-0.243970811,خادمة-خادم,ﻡﺩﺎﺧ-ﺔﻣﺩﺎﺧ,"(0.9741637831603229, 0.7508650519031141, 0.6424452133794694, 1.0)",Servant,ﻡﺩﺎﺧ-ﺔﻣﺩﺎﺧ
-0.107297258,2007,بائعة,بائع,0.093038051,-0.200335309,بائعة-بائع,ﻊﺋﺎﺑ-ﺔﻌﺋﺎﺑ,"(0.9893886966551326, 0.8422145328719722, 0.7591695501730104, 1.0)",Seller,ﻊﺋﺎﺑ-ﺔﻌﺋﺎﺑ
-0.095128921,2007,الصيدلانية,صيدلي,0.094772407,-0.189901327,صيدلانية-صيدلي,ﻲﻟﺪﻴﺼﻟﺍ-ﺔﻴﻧﻻﺪﻴﺼﻟﺍ,"(0.9912341407151096, 0.8631295655517108, 0.7877739331026529, 1.0)",Pharmacist,ﻲﻟﺪﻴﺻ-ﺔﻴﻧﻻﺪﻴﺻ
-0.081374782,2007,مغنية,مغني,0.063272396,0.1446471780915589,مغنية-مغني,ﻲﻨﻐﻣ-ﺔﻴﻨﻐﻣ,"(0.9875432525951557, 0.8803537101114955, 0.8173010380622837, 1.0)",Singer,ﻲﻨﻐﻣ-ﺔﻴﻨﻐﻣ
-0.08050022,2007,أستاذة,أستاذ,0.1610620524692212,-0.241562272,أستاذة-أستاذ,ﺫﺎﺘﺳﺃ-ﺓﺫﺎﺘﺳﺃ,"(0.9875432525951557, 0.8803537101114955, 0.8173010380622837, 1.0)",Professor,ﺫﺎﺘﺳﺃ-ﺓﺫﺎﺘﺳﺃ
-0.054323847,2007,صحفية,صحفي,0.1658416950179322,-0.220165542,صحفية-صحفي,ﻲﻔﺤﺻ-ﺔﻴﻔﺤﺻ,"(0.9810841983852365, 0.9104959630911187, 0.8689734717416377, 1.0)",Journalist,ﻲﻔﺤﺻ-ﺔﻴﻔﺤﺻ
-0.014033614,2007,سكرتيرة,سكرتير,0.2157708792846832,-0.229804493,سكرتيرة-سكرتير,ﺮﻴﺗﺮﻜﺳ-ﺓﺮﻴﺗﺮﻜﺳ,"(0.9718569780853518, 0.9535563244905806, 0.9427912341407151, 1.0)",Secretary,ﺮﻴﺗﺮﻜﺳ-ﺓﺮﻴﺗﺮﻜﺳ
0.013080173,2007,سفيرة,سفير,0.1410002055712324,-0.127920033,سفيرة-سفير,ﺮﻴﻔﺳ-ﺓﺮﻴﻔﺳ,"(0.9481737793156478, 0.9589388696655132, 0.9648596693579392, 1.0)",Ambassador,ﺮﻴﻔﺳ-ﺓﺮﻴﻔﺳ
0.1333707127856849,2007,ممثلة,ممثل,0.2606956605167024,-0.127324948,ممثلة-ممثل,ﻞﺜﻤﻣ-ﺔﻠﺜﻤﻣ,"(0.7324106113033451, 0.8537485582468283, 0.9162629757785468, 1.0)",Actor,ﻞﺜﻤﻣ-ﺔﻠﺜﻤﻣ
-0.259207416,2008,راقصة,راقص,0.040809407,-0.300016822,راقصة-راقص,ﺺﻗﺍﺭ-ﺔﺼﻗﺍﺭ,"(0.8853517877739331, 0.48258362168396757, 0.38346789696270656, 1.0)",Dancer,ﺺﻗﺍﺭ-ﺔﺼﻗﺍﺭ
-0.133323789,2008,عاملة,عامل,0.1552842586033031,-0.288608047,عاملة-عامل,ﻞﻣﺎﻋ-ﺔﻠﻣﺎﻋ,"(0.9797001153402538, 0.7840830449826989, 0.6848904267589389, 1.0)",Worker,ﻞﻣﺎﻋ-ﺔﻠﻣﺎﻋ
-0.127284632,2008,صحفية,صحفي,0.074334398,-0.20161903,صحفية-صحفي,ﻲﻔﺤﺻ-ﺔﻴﻔﺤﺻ,"(0.9824682814302191, 0.8006920415224913, 0.7061130334486736, 1.0)",Journalist,ﻲﻔﺤﺻ-ﺔﻴﻔﺤﺻ
-0.117837598,2008,مصورة,مصور,0.2071889896595703,-0.325026587,مصورة-مصور,ﺭﻮﺼﻣ-ﺓﺭﻮﺼﻣ,"(0.9852364475201846, 0.8173010380622837, 0.7273356401384083, 1.0)",Photographer,ﺭﻮﺼﻣ-ﺓﺭﻮﺼﻣ
-0.117474186,2008,ممرضة,ممرض,-0.079422815,-0.196897002,ممرضة-ممرض,ﺽﺮﻤﻣ-ﺔﺿﺮﻤﻣ,"(0.9852364475201846, 0.8173010380622837, 0.7273356401384083, 1.0)",Nurse,ﺽﺮﻤﻣ-ﺔﺿﺮﻤﻣ
-0.112925018,2008,مغنية,مغني,-0.01752485,0.1304498679196962,مغنية-مغني,ﻲﻨﻐﻣ-ﺔﻴﻨﻐﻣ,"(0.98800461361015, 0.833910034602076, 0.748558246828143, 1.0)",Singer,ﻲﻨﻐﻣ-ﺔﻴﻨﻐﻣ
-0.097617055,2008,سكرتيرة,سكرتير,0.074356461,-0.171973517,سكرتيرة-سكرتير,ﺮﻴﺗﺮﻜﺳ-ﺓﺮﻴﺗﺮﻜﺳ,"(0.9912341407151096, 0.8631295655517108, 0.7877739331026529, 1.0)",Secretary,ﺮﻴﺗﺮﻜﺳ-ﺓﺮﻴﺗﺮﻜﺳ
-0.097221281,2008,بائعة,بائع,0.047738902,-0.144960183,بائعة-بائع,ﻊﺋﺎﺑ-ﺔﻌﺋﺎﺑ,"(0.9912341407151096, 0.8631295655517108, 0.7877739331026529, 1.0)",Seller,ﻊﺋﺎﺑ-ﺔﻌﺋﺎﺑ
-0.094991805,2008,خادمة,خادم,0.1352662660299251,-0.230258071,خادمة-خادم,ﻡﺩﺎﺧ-ﺔﻣﺩﺎﺧ,"(0.9912341407151096, 0.8631295655517108, 0.7877739331026529, 1.0)",Servant,ﻡﺩﺎﺧ-ﺔﻣﺩﺎﺧ
0.017996789,2008,أستاذة,أستاذ,0.2090815525103008,-0.191084764,أستاذة-أستاذ,ﺫﺎﺘﺳﺃ-ﺓﺫﺎﺘﺳﺃ,"(0.942329873125721, 0.956170703575548, 0.9637831603229527, 1.0)",Professor,ﺫﺎﺘﺳﺃ-ﺓﺫﺎﺘﺳﺃ
0.048695142,2008,سفيرة,سفير,0.1340655765755017,-0.085370435,سفيرة-سفير,ﺮﻴﻔﺳ-ﺓﺮﻴﻔﺳ,"(0.8955786236063054, 0.9340253748558247, 0.9551710880430604, 1.0)",Ambassador,ﺮﻴﻔﺳ-ﺓﺮﻴﻔﺳ
0.060273599,2008,ممثلة,ممثل,0.2691176255080476,-0.208844027,ممثلة-ممثل,ﻞﺜﻤﻣ-ﺔﻠﺜﻤﻣ,"(0.8780469050365245, 0.9257208765859286, 0.9519415609381008, 1.0)",Actor,ﻞﺜﻤﻣ-ﺔﻠﺜﻤﻣ
-0.273454836,2009,الصيدلانية,صيدلي,0.018435653,-0.291890489,صيدلانية-صيدلي,ﻲﻟﺪﻴﺼﻟﺍ-ﺔﻴﻧﻻﺪﻴﺼﻟﺍ,"(0.8668973471741638, 0.44013840830449813, 0.35086505190311407, 1.0)",Pharmacist,ﻲﻟﺪﻴﺻ-ﺔﻴﻧﻻﺪﻴﺻ
-0.2429971,2009,عاملة,عامل,0.1446847988034299,-0.387681899,عاملة-عامل,ﻞﻣﺎﻋ-ﺔﻠﻣﺎﻋ,"(0.9038062283737024, 0.5250288350634371, 0.41607074202229904, 1.0)",Worker,ﻞﻣﺎﻋ-ﺔﻠﻣﺎﻋ
-0.182496646,2009,سكرتيرة,سكرتير,0.057293985,-0.239790631,سكرتيرة-سكرتير,ﺮﻴﺗﺮﻜﺳ-ﺓﺮﻴﺗﺮﻜﺳ,"(0.9630911188004614, 0.6844290657439446, 0.5575547866205304, 1.0)",Secretary,ﺮﻴﺗﺮﻜﺳ-ﺓﺮﻴﺗﺮﻜﺳ
-0.174155727,2009,بائعة,بائع,0.031486833,-0.205642559,بائعة-بائع,ﻊﺋﺎﺑ-ﺔﻌﺋﺎﺑ,"(0.9658592848904268, 0.701038062283737, 0.5787773933102651, 1.0)",Seller,ﻊﺋﺎﺑ-ﺔﻌﺋﺎﺑ
-0.173030402,2009,راقصة,راقص,0.1072830464237673,-0.280313449,راقصة-راقص,ﺺﻗﺍﺭ-ﺔﺼﻗﺍﺭ,"(0.9658592848904268, 0.701038062283737, 0.5787773933102651, 1.0)",Dancer,ﺺﻗﺍﺭ-ﺔﺼﻗﺍﺭ
-0.170076518,2009,المغنية,مغني,-0.048275414,-0.218351932,مغنية-مغني,ﻲﻨﻐﻤﻟﺍ-ﺔﻴﻨﻐﻤﻟﺍ,"(0.9672433679354094, 0.7093425605536331, 0.5893886966551325, 1.0)",Singer,ﻲﻨﻐﻣ-ﺔﻴﻨﻐﻣ
-0.166335458,2009,مصورة,مصور,0.1417619379303065,-0.308097396,مصورة-مصور,ﺭﻮﺼﻣ-ﺓﺭﻮﺼﻣ,"(0.9686274509803922, 0.7176470588235293, 0.5999999999999999, 1.0)",Photographer,ﺭﻮﺼﻣ-ﺓﺭﻮﺼﻣ
-0.120674986,2009,خادمة,خادم,0.070039657,-0.190714643,خادمة-خادم,ﻡﺩﺎﺧ-ﺔﻣﺩﺎﺧ,"(0.9852364475201846, 0.8173010380622837, 0.7273356401384083, 1.0)",Servant,ﻡﺩﺎﺧ-ﺔﻣﺩﺎﺧ
-0.109536304,2009,صحفية,صحفي,0.076612073,-0.186148377,صحفية-صحفي,ﻲﻔﺤﺻ-ﺔﻴﻔﺤﺻ,"(0.98800461361015, 0.833910034602076, 0.748558246828143, 1.0)",Journalist,ﻲﻔﺤﺻ-ﺔﻴﻔﺤﺻ
-0.030082634,2009,أستاذة,أستاذ,0.2157266328730463,-0.245809267,أستاذة-أستاذ,ﺫﺎﺘﺳﺃ-ﺓﺫﺎﺘﺳﺃ,"(0.9755478662053056, 0.9363321799307959, 0.9132641291810842, 1.0)",Professor,ﺫﺎﺘﺳﺃ-ﺓﺫﺎﺘﺳﺃ
-0.017236961,2009,سفيرة,سفير,0.1074072410621573,-0.124644202,سفيرة-سفير,ﺮﻴﻔﺳ-ﺓﺮﻴﻔﺳ,"(0.9727797001153402, 0.9492502883506344, 0.9354094579008074, 1.0)",Ambassador,ﺮﻴﻔﺳ-ﺓﺮﻴﻔﺳ
0.057684203,2009,ممثلة,ممثل,0.2269349073433617,-0.169250704,ممثلة-ممثل,ﻞﺜﻤﻣ-ﺔﻠﺜﻤﻣ,"(0.8838908112264514, 0.9284890426758939, 0.9530180699730872, 1.0)",Actor,ﻞﺜﻤﻣ-ﺔﻠﺜﻤﻣ
-0.252062348,2010,عاملة,عامل,-0.147015898,0.3990782452617634,عاملة-عامل,ﻞﻣﺎﻋ-ﺔﻠﻣﺎﻋ,"(0.8945790080738177, 0.5038062283737024, 0.39976931949250283, 1.0)",Worker,ﻞﻣﺎﻋ-ﺔﻠﻣﺎﻋ
-0.181474188,2010,راقصة,راقص,-0.141018065,0.3224922528451989,راقصة-راقص,ﺺﻗﺍﺭ-ﺔﺼﻗﺍﺭ,"(0.9630911188004614, 0.6844290657439446, 0.5575547866205304, 1.0)",Dancer,ﺺﻗﺍﺭ-ﺔﺼﻗﺍﺭ
-0.147072418,2010,خادمة,خادم,-0.097281508,0.2443539264143522,خادمة-خادم,ﻡﺩﺎﺧ-ﺔﻣﺩﺎﺧ,"(0.9755478662053056, 0.7591695501730102, 0.6530565167243365, 1.0)",Servant,ﻡﺩﺎﺧ-ﺔﻣﺩﺎﺧ
-0.126980646,2010,مصورة,مصور,-0.19945867,0.3264393169238183,مصورة-مصور,ﺭﻮﺼﻣ-ﺓﺭﻮﺼﻣ,"(0.9824682814302191, 0.8006920415224913, 0.7061130334486736, 1.0)",Photographer,ﺭﻮﺼﻣ-ﺓﺭﻮﺼﻣ
-0.116378727,2010,بائعة,بائع,0.039627187,0.156005913,بائعة-بائع,ﻊﺋﺎﺑ-ﺔﻌﺋﺎﺑ,"(0.9866205305651673, 0.8256055363321797, 0.7379469434832755, 1.0)",Seller,ﻊﺋﺎﺑ-ﺔﻌﺋﺎﺑ
-0.022925376,2010,مغنية,مغني,0.088351265,-0.111276641,مغنية-مغني,ﻲﻨﻐﻣ-ﺔﻴﻨﻐﻣ,"(0.9737024221453288, 0.9449442522106881, 0.9280276816608996, 1.0)",Singer,ﻲﻨﻐﻣ-ﺔﻴﻨﻐﻣ
-0.019029618,2010,سكرتيرة,سكرتير,-0.111525361,0.1305549786934029,سكرتيرة-سكرتير,ﺮﻴﺗﺮﻜﺳ-ﺓﺮﻴﺗﺮﻜﺳ,"(0.9727797001153402, 0.9492502883506344, 0.9354094579008074, 1.0)",Secretary,ﺮﻴﺗﺮﻜﺳ-ﺓﺮﻴﺗﺮﻜﺳ
-0.007397371,2010,الصيدلانية,صيدلي,-0.132240257,0.139637628,صيدلانية-صيدلي,ﻲﻟﺪﻴﺼﻟﺍ-ﺔﻴﻧﻻﺪﻴﺼﻟﺍ,"(0.9700115340253749, 0.9621683967704728, 0.9575547866205305, 1.0)",Pharmacist,ﻲﻟﺪﻴﺻ-ﺔﻴﻧﻻﺪﻴﺻ
0.011901891,2010,صحفية,صحفي,-0.053616292,0.041714402,صحفية-صحفي,ﻲﻔﺤﺻ-ﺔﻴﻔﺤﺻ,"(0.9481737793156478, 0.9589388696655132, 0.9648596693579392, 1.0)",Journalist,ﻲﻔﺤﺻ-ﺔﻴﻔﺤﺻ
0.013473021,2010,ممرضة,ممرض,-0.171181324,0.1577083031733216,ممرضة-ممرض,ﺽﺮﻤﻣ-ﺔﺿﺮﻤﻣ,"(0.9481737793156478, 0.9589388696655132, 0.9648596693579392, 1.0)",Nurse,ﺽﺮﻤﻣ-ﺔﺿﺮﻤﻣ
0.087797957,2010,أستاذة,أستاذ,-0.193395741,0.1055977836831402,أستاذة-أستاذ,ﺫﺎﺘﺳﺃ-ﺓﺫﺎﺘﺳﺃ,"(0.8371395617070359, 0.9063437139561707, 0.9444059976931949, 1.0)",Professor,ﺫﺎﺘﺳﺃ-ﺓﺫﺎﺘﺳﺃ
0.099962905,2010,سفيرة,سفير,-0.126397637,0.026434732,سفيرة-سفير,ﺮﻴﻔﺳ-ﺓﺮﻴﻔﺳ,"(0.8196078431372551, 0.8980392156862746, 0.9411764705882353, 1.0)",Ambassador,ﺮﻴﻔﺳ-ﺓﺮﻴﻔﺳ
0.1520252775623109,2010,ممثلة,ممثل,-0.303719684,0.1516944059733735,ممثلة-ممثل,ﻞﺜﻤﻣ-ﺔﻠﺜﻤﻣ,"(0.6936562860438296, 0.8340638216070744, 0.9051903114186852, 1.0)",Actor,ﻞﺜﻤﻣ-ﺔﻠﺜﻤﻣ
-0.233898192,2011,راقصة,راقص,0.017985198,0.2518833903208599,راقصة-راقص,ﺺﻗﺍﺭ-ﺔﺼﻗﺍﺭ,"(0.9176470588235294, 0.5568627450980391, 0.44052287581699334, 1.0)",Dancer,ﺺﻗﺍﺭ-ﺔﺼﻗﺍﺭ
-0.162796337,2011,مصورة,مصور,-0.135029037,0.2978253735555659,مصورة-مصور,ﺭﻮﺼﻣ-ﺓﺭﻮﺼﻣ,"(0.9700115340253749, 0.7259515570934255, 0.6106113033448672, 1.0)",Photographer,ﺭﻮﺼﻣ-ﺓﺭﻮﺼﻣ
-0.157653051,2011,عاملة,عامل,-0.201394712,0.3590477622991375,عاملة-عامل,ﻞﻣﺎﻋ-ﺔﻠﻣﺎﻋ,"(0.9713956170703576, 0.7342560553633217, 0.6212226066897346, 1.0)",Worker,ﻞﻣﺎﻋ-ﺔﻠﻣﺎﻋ
-0.147990114,2011,المغنية,مغني,-0.021860869,0.1698509826941975,مغنية-مغني,ﻲﻨﻐﻤﻟﺍ-ﺔﻴﻨﻐﻤﻟﺍ,"(0.9755478662053056, 0.7591695501730102, 0.6530565167243365, 1.0)",Singer,ﻲﻨﻐﻣ-ﺔﻴﻨﻐﻣ
-0.106105746,2011,صحفية,صحفي,0.058224368,0.164330114,صحفية-صحفي,ﻲﻔﺤﺻ-ﺔﻴﻔﺤﺻ,"(0.9893886966551326, 0.8422145328719722, 0.7591695501730104, 1.0)",Journalist,ﻲﻔﺤﺻ-ﺔﻴﻔﺤﺻ
-0.075404694,2011,خادمة,خادم,-0.062228672,0.1376333658985814,خادمة-خادم,ﻡﺩﺎﺧ-ﺔﻣﺩﺎﺧ,"(0.9866205305651673, 0.8846597462514417, 0.8246828143021915, 1.0)",Servant,ﻡﺩﺎﺧ-ﺔﻣﺩﺎﺧ
-0.037626138,2011,أستاذة,أستاذ,-0.239388663,0.277014801,أستاذة-أستاذ,ﺫﺎﺘﺳﺃ-ﺓﺫﺎﺘﺳﺃ,"(0.9773933102652826, 0.9277201076509035, 0.8985005767012687, 1.0)",Professor,ﺫﺎﺘﺳﺃ-ﺓﺫﺎﺘﺳﺃ
-0.008114208,2011,بائعة,بائع,-0.16377816,0.1718923682805146,بائعة-بائع,ﻊﺋﺎﺑ-ﺔﻌﺋﺎﺑ,"(0.9709342560553633, 0.9578623606305268, 0.9501730103806229, 1.0)",Seller,ﻊﺋﺎﺑ-ﺔﻌﺋﺎﺑ
0.016433743,2011,سفيرة,سفير,-0.123253112,0.1068193698081308,سفيرة-سفير,ﺮﻴﻔﺳ-ﺓﺮﻴﻔﺳ,"(0.942329873125721, 0.956170703575548, 0.9637831603229527, 1.0)",Ambassador,ﺮﻴﻔﺳ-ﺓﺮﻴﻔﺳ
0.021400248,2011,سكرتيرة,سكرتير,-0.192919978,0.1715197301819078,سكرتيرة-سكرتير,ﺮﻴﺗﺮﻜﺳ-ﺓﺮﻴﺗﺮﻜﺳ,"(0.936485966935794, 0.9534025374855825, 0.9627066512879662, 1.0)",Secretary,ﺮﻴﺗﺮﻜﺳ-ﺓﺮﻴﺗﺮﻜﺳ
0.1112923687970942,2011,ممثلة,ممثل,-0.292229327,0.1809369582010108,ممثلة-ممثل,ﻞﺜﻤﻣ-ﺔﻠﺜﻤﻣ,"(0.7905420991926184, 0.8832756632064592, 0.9328719723183392, 1.0)",Actor,ﻞﺜﻤﻣ-ﺔﻠﺜﻤﻣ